ObsTime,WS,RH,Temperature
2010/1/1,1.3,69,17
2010/1/2,0.7,85,17.2
2010/1/3,0.8,81,16.4
2010/1/4,0.6,78,18
2010/1/5,1.8,78,15.8
2010/1/6,0.9,86,15.2
2010/1/7,0.8,88,14.4
2010/1/8,0.5,89,14.2
2010/1/9,1,75,18.8
2010/1/10,0.8,79,18.8
2010/1/11,1.1,82,16.4
2010/1/12,1.6,78,10.4
2010/1/13,1.3,57,11.3
2010/1/14,2.5,55,13.9
2010/1/15,1.4,56,17.6
2010/1/16,2,72,17.6
2010/1/17,1.7,71,17.6
2010/1/18,1.5,63,20.6
2010/1/19,0.6,62,22.3
2010/1/20,0.6,63,22.8
2010/1/21,0.9,69,21.4
2010/1/22,1.7,81,16
2010/1/23,1.6,84,15.3
2010/1/24,0.8,87,18.3
2010/1/25,0.9,86,16.2
2010/1/26,3.4,68,16.5
2010/1/27,0.8,73,20.2
2010/1/28,0.4,84,19.8
2010/1/29,2.1,74,19.9
2010/1/30,1.1,79,19.9
2010/1/31,0.8,75,21.6
2010/2/1,1.3,83,19
2010/2/2,1.8,81,18.3
2010/2/3,0.9,84,17.7
2010/2/4,1,86,17.9
2010/2/5,0.9,87,18
2010/2/6,0.6,90,18.4
2010/2/7,0.9,91,17.2
2010/2/8,0.7,81,20.4
2010/2/9,0.4,81,21.5
2010/2/10,0.7,79,23.4
2010/2/11,1.2,71,24
2010/2/12,2.3,74,13.6
2010/2/13,1.8,84,13.9
2010/2/14,0.8,86,17.2
2010/2/15,0.8,87,14.6
2010/2/16,1,86,12.5
2010/2/17,0.6,90,12.4
2010/2/18,0.8,86,11.2
2010/2/19,0.6,91,11
2010/2/20,1,82,14.5
2010/2/21,0.6,83,16.2
2010/2/22,0.5,85,16.7
2010/2/23,0.5,74,19.2
2010/2/24,0.6,69,21.4
2010/2/25,0.4,70,23.4
2010/2/26,1.1,73,24.6
2010/2/27,0.8,86,22
2010/2/28,1.5,75,23.7
2010/3/1,0.7,75,25
2010/3/2,0.9,84,21.5
2010/3/4,0.4,82,23.8
2010/3/5,0.6,78,23.9
2010/3/6,0.9,80,22.6
2010/3/7,1.8,78,15.1
2010/3/8,0.7,84,16.3
2010/3/9,1.5,79,11.7
2010/3/10,2.1,54,9.1
2010/3/11,0.8,53,16.1
2010/3/12,0.4,59,20.2
2010/3/13,0.3,84,19.4
2010/3/14,0.4,76,24
2010/3/15,0.6,82,23.1
2010/3/16,2.9,72,15.6
2010/3/17,1.2,78,17.8
2010/3/18,1.1,70,20.5
2010/3/19,0.4,68,22.6
2010/3/20,0.5,76,24.1
2010/3/21,2.8,66,21.3
2010/3/22,0.7,70,24.2
2010/3/23,0.4,70,25.2
2010/3/24,1.3,81,21.7
2010/3/25,1.7,73,14.2
2010/3/26,3,52,15.2
2010/3/27,1.6,62,18.7
2010/3/29,2.8,54,21.4
2010/3/30,1.4,55,23
2010/3/31,0.7,62,23.1
2010/4/1,0.6,69,24.3
2010/4/2,1.8,80,17.9
2010/4/3,1.8,87,18.4
2010/4/4,0.7,89,19.2
2010/4/5,0.9,82,20.9
2010/4/6,0.2,88,21.2
2010/4/7,2,74,17.2
2010/4/8,1.4,84,18.1
2010/4/9,0.6,82,18.4
2010/4/10,0.5,77,21.5
2010/4/11,0.1,81,23.2
2010/4/12,1.1,72,25.8
2010/4/13,2.8,79,20
2010/4/14,2.4,78,19.9
2010/4/15,0.7,83,16
2010/4/16,1.9,76,16.4
2010/4/17,2.4,69,21.7
2010/4/18,0.2,88,21.8
2010/4/19,0.3,74,25.3
2010/4/20,0.4,77,25.9
2010/4/21,0.4,72,27.2
2010/4/22,0.9,77,25.5
2010/4/23,1,80,17.7
2010/4/24,2,62,18.4
2010/4/25,1.6,64,22.3
2010/4/26,0.8,72,22.8
2010/4/27,0.9,72,20.5
2010/4/28,0.2,69,21.7
2010/4/29,2.5,67,22.8
2010/4/30,1,45,24.2
2010/5/1,1.2,54,25.6
2010/5/2,1.1,61,26.5
2010/5/3,1.7,61,27.4
2010/5/4,1,60,27.7
2010/5/5,0.5,68,27.5
2010/5/6,0.3,86,26.2
2010/5/7,0.7,88,24
2010/5/8,1,79,24.2
2010/5/9,0.3,87,24.8
2010/5/10,1,85,21.9
2010/5/11,1.5,77,22
2010/5/12,2.4,69,24
2010/5/13,0.4,75,25.7
2010/5/14,0.7,87,23.5
2010/5/15,0.6,84,23.9
2010/5/16,1,79,25.5
2010/5/17,1,76,27.4
2010/5/18,0.5,72,28.8
2010/5/19,0.9,69,29.3
2010/5/20,0.9,74,28.2
2010/5/21,0.7,75,28.8
2010/5/22,0.7,65,30.3
2010/5/23,0.5,82,26.2
2010/5/24,1.5,64,25.6
2010/5/25,1.3,60,27.9
2010/5/26,1.7,54,28.6
2010/5/27,1.3,68,26.3
2010/5/28,1.2,74,28
2010/5/29,0.6,91,24.7
2010/5/30,0.7,88,22.1
2010/5/31,1.4,65,24.4
2010/6/1,2,66,24
2010/6/2,2,77,22.5
2010/6/3,1.2,88,23
2010/6/4,1.6,80,24.5
2010/6/5,0.4,87,22.7
2010/6/6,0.9,83,23.4
2010/6/7,1.3,71,25.2
2010/6/8,1.4,68,26.3
2010/6/9,0.6,72,27.2
2010/6/10,0.2,84,26.6
2010/6/11,0.6,89,24.5
2010/6/12,0.2,91,23.5
2010/6/13,0.3,93,25.1
2010/6/14,0.2,89,26.1
2010/6/15,0.2,85,26.5
2010/6/16,0.1,78,28.1
2010/6/17,0.4,75,29.2
2010/6/18,1.1,68,30.4
2010/6/19,0.7,66,30.7
2010/6/20,0.8,68,30.7
2010/6/21,0.7,73,29.3
2010/6/22,0.9,75,28.9
2010/6/23,0.5,78,28.4
2010/6/24,0.7,76,28.8
2010/6/25,0.3,82,27.7
2010/6/26,0.4,77,28.9
2010/6/27,0.6,80,28.9
2010/6/28,0.6,77,29.7
2010/6/29,0.5,79,29.5
2010/6/30,0.5,75,30.5
2010/7/1,0.9,74,30.9
2010/7/2,0.9,70,31.9
2010/7/3,1.2,58,33.2
2010/7/4,1.9,62,32.4
2010/7/5,1.6,62,32.9
2010/7/6,1.5,57,33.4
2010/7/7,1.4,60,32.4
2010/7/8,1,64,31.6
2010/7/9,0.8,65,31.6
2010/7/10,0.9,63,32
2010/7/11,1.3,62,31.9
2010/7/12,0.5,73,30.5
2010/7/13,0.3,72,30.4
2010/7/14,0.7,68,30.2
2010/7/15,0.8,68,30
2010/7/16,1.3,64,30.5
2010/7/17,1.1,61,31.2
2010/7/18,1.6,60,31.7
2010/7/19,1,64,31.5
2010/7/20,0.7,69,30.9
2010/7/21,1.2,63,31.8
2010/7/22,1.4,58,32.1
2010/7/23,1,65,31.2
2010/7/24,0.8,77,29.2
2010/7/25,0.7,71,29.5
2010/7/26,0.6,70,29.9
2010/7/27,0.4,76,28.4
2010/7/28,0.8,71,28.9
2010/7/29,0.8,64,31.3
2010/7/30,0.9,71,30.3
2010/7/31,0.9,70,30.8
2010/8/1,0.8,71,31.3
2010/8/2,1,63,32.4
2010/8/3,1.1,66,32
2010/8/4,1.5,65,32.5
2010/8/5,2.4,62,32.1
2010/8/6,2.4,67,30.9
2010/8/7,2.5,78,29.7
2010/8/8,1.5,76,30
2010/8/9,1.2,76,30.1
2010/8/10,0.8,63,32.6
2010/8/11,0.8,68,32.1
2010/8/12,0.6,73,30.5
2010/8/13,0.8,68,31.5
2010/8/14,0.9,71,30.4
2010/8/15,0.6,74,29.9
2010/8/16,0.7,79,28.8
2010/8/17,0.7,69,30.3
2010/8/18,1,65,31.2
2010/8/19,1.4,60,31.5
2010/8/20,2.8,67,31.1
2010/8/21,2.5,67,31.4
2010/8/22,2.3,62,31.9
2010/8/23,1.7,65,31.7
2010/8/24,1.5,65,31.6
2010/8/25,0.8,65,31.5
2010/8/26,0.9,66,30.7
2010/8/27,1.6,62,30.9
2010/8/28,1.2,63,31.2
2010/8/29,0.6,73,29.6
2010/8/30,1.5,85,26.8
2010/8/31,0.2,89,26
2010/9/1,0.5,76,29.1
2010/9/2,0.9,72,30.1
2010/9/3,1.7,62,31
2010/9/4,1.5,65,30.9
2010/9/5,0.8,74,29.8
2010/9/6,0.8,71,30.6
2010/9/7,1.4,71,30.5
2010/9/8,2.9,60,31.6
2010/9/9,1.8,65,29.4
2010/9/10,0.8,73,29.6
2010/9/11,0.5,78,29.2
2010/9/12,0.9,72,29.1
2010/9/13,1.3,67,30.1
2010/9/14,0.6,72,29.4
2010/9/15,0.7,72,29.7
2010/9/16,1.2,69,29.9
2010/9/17,1.1,65,29.7
2010/9/18,1.1,76,28.4
2010/9/19,4.2,72,29
2010/9/20,0.9,71,29.4
2010/9/21,0.6,65,30.1
2010/9/22,1.1,63,30.6
2010/9/23,1.9,72,28.7
2010/9/24,1.3,78,26.5
2010/9/25,1.5,69,28
2010/9/26,1,66,29.8
2010/9/27,1.1,70,29.2
2010/9/28,2.9,65,29.3
2010/9/29,2.5,73,28.5
2010/9/30,2.6,80,27.6
2010/10/1,2.2,75,28.2
2010/10/2,1.2,64,30.3
2010/10/3,1.1,71,28.2
2010/10/4,2,60,25
2010/10/5,2.1,63,24.9
2010/10/6,2.5,65,25.4
2010/10/7,2.1,69,27.5
2010/10/8,0.6,79,25.7
2010/10/9,1.2,76,25.6
2010/10/10,1.9,80,25.8
2010/10/11,0.7,77,28.5
2010/10/12,1.6,73,29.1
2010/10/13,1.1,75,28.9
2010/10/14,1.2,79,27.8
2010/10/15,1,77,24.9
2010/10/16,2.3,77,25.8
2010/10/17,2.7,69,26.3
2010/10/18,2.8,78,25.1
2010/10/19,1.6,88,25.5
2010/10/20,0.5,91,25.1
2010/10/21,1.5,88,23.8
2010/10/22,2.2,85,25.2
2010/10/23,0.2,75,28.2
2010/10/24,0.4,79,27.1
2010/10/25,0.9,81,25.5
2010/10/26,1.6,73,20.3
2010/10/27,1.1,78,18.3
2010/10/28,1.8,79,17.8
2010/10/29,1.3,69,18.9
2010/10/30,0.4,78,19.1
2010/10/31,1.2,67,20.5
2010/11/1,2.7,56,21.4
2010/11/2,2.5,60,22.6
2010/11/3,2.5,69,21.6
2010/11/4,2.3,81,21.3
2010/11/5,2,82,22.3
2010/11/6,0.6,88,22.5
2010/11/7,1.3,83,23.3
2010/11/8,2.4,62,22.6
2010/11/9,2.2,57,20.4
2010/11/10,2.6,56,21.2
2010/11/11,2.3,56,23.5
2010/11/12,2.6,59,24
2010/11/13,0.8,82,23.2
2010/11/14,2,77,23.9
2010/11/15,1.7,79,21.5
2010/11/16,2.1,84,20
2010/11/17,2.2,83,20
2010/11/18,2.3,82,21.5
2010/11/19,1.1,84,21.7
2010/11/20,1.1,84,21.8
2010/11/21,0.4,80,23.2
2010/11/22,0.7,81,21.1
2010/11/23,1.3,74,19.8
2010/11/24,1.4,66,20.9
2010/11/25,1,80,19.1
2010/11/26,2.2,58,19.8
2010/11/27,2.2,60,21.5
2010/11/28,1.6,63,22.5
2010/11/29,0.5,73,22.6
2010/11/30,0.9,79,20.8
2010/12/1,1.5,76,22.4
2010/12/2,0.8,76,22.1
2010/12/3,2.2,61,20.2
2010/12/4,2.1,62,21.9
2010/12/5,0.3,72,22.9
2010/12/6,1,66,21.6
2010/12/7,1.6,62,16
2010/12/8,0.5,59,14.8
2010/12/9,1.7,52,16.2
2010/12/10,0.3,64,17.6
2010/12/11,1,70,19.8
2010/12/12,1,68,23
2010/12/13,0.3,75,22.3
2010/12/14,1.2,79,20.2
2010/12/15,2.2,85,17.5
2010/12/16,1.4,84,10.5
2010/12/17,1.2,60,11.8
2010/12/18,1.3,57,16.9
2010/12/19,0.2,72,18
2010/12/20,0.6,75,19.2
2010/12/21,0.4,77,19
2010/12/22,1.9,59,18.4
2010/12/23,1.6,54,19.9
2010/12/24,1.9,72,18.5
2010/12/25,1.6,83,14.8
2010/12/26,1.3,68,11.1
2010/12/27,0.8,60,13.1
2010/12/28,0.2,60,15.2
2010/12/29,0.6,54,18.7
2010/12/30,0.7,66,16.1
2010/12/31,1.5,53,12.4
2011/1/1,2.3,54,11.8
2011/1/2,1.8,62,14.6
2011/1/3,0.7,82,13.7
2011/1/4,1.3,79,13.6
2011/1/5,1.2,80,17.4
2011/1/6,1.4,77,13.7
2011/1/7,1.6,78,12.4
2011/1/8,1.3,83,15.7
2011/1/9,1,78,15
2011/1/10,1.2,88,12.4
2011/1/11,0.7,89,10.7
2011/1/12,0.9,86,10.4
2011/1/13,1.6,82,15.2
2011/1/14,0.7,86,17.1
2011/1/15,1.9,79,12.1
2011/1/16,1.9,69,9.3
2011/1/17,2.2,72,12.5
2011/1/18,1.5,76,16.7
2011/1/19,1.4,79,18
2011/1/20,1.2,83,17.6
2011/1/21,0.6,83,14.5
2011/1/22,2.3,67,15.7
2011/1/23,0.5,83,15.8
2011/1/24,1.6,78,13.3
2011/1/25,1.7,82,14.6
2011/1/26,1.7,80,16.4
2011/1/27,1,81,17.4
2011/1/28,1.1,82,15.9
2011/1/29,1.4,78,12
2011/1/30,1.9,72,11.8
2011/1/31,2,70,11.6
2011/2/1,1.3,73,15.9
2011/2/2,0.3,86,15.1
2011/2/3,0.2,81,17.3
2011/2/4,0.5,76,17.9
2011/2/5,1.7,64,17.6
2011/2/6,0.7,59,19
2011/2/7,1,59,21.2
2011/2/8,0.5,62,20.2
2011/2/9,1.1,77,19.3
2011/2/10,1.2,84,17.7
2011/2/11,1.4,79,13.1
2011/2/12,1.9,69,13
2011/2/13,0.7,80,15.5
2011/2/14,1.6,79,10.9
2011/2/15,2,78,12.7
2011/2/16,1.2,81,16.7
2011/2/17,0.5,85,17
2011/2/18,0.6,83,15.9
2011/2/19,0.5,92,15.2
2011/2/20,0.5,89,14.6
2011/2/21,0.3,75,14.9
2011/2/22,0.7,71,17
2011/2/23,0.6,70,19
2011/2/24,0.3,83,19
2011/2/25,1.6,76,19.8
2011/2/26,1.8,67,21.6
2011/2/27,0.5,70,21.6
2011/2/28,0.7,78,19.2
2011/3/1,1.2,83,16.8
2011/3/2,2.6,75,14.6
2011/3/3,1.9,74,14.9
2011/3/4,2.3,72,13.4
2011/3/5,1.5,70,17.2
2011/3/6,0.2,78,17.5
2011/3/7,1.5,70,13.2
2011/3/8,2.4,55,14.6
2011/3/9,2.1,63,17.9
2011/3/10,2,85,15.6
2011/3/11,1.6,89,14.8
2011/3/12,0.5,90,15.1
2011/3/13,0.7,76,19.5
2011/3/14,0.9,74,22.2
2011/3/15,2.1,71,16.5
2011/3/16,2.5,55,13.5
2011/3/17,3.1,48,16
2011/3/18,1.2,60,19.2
2011/3/19,0.2,83,19.2
2011/3/20,0.3,76,23.6
2011/3/21,0.6,84,23
2011/3/22,1.6,80,14.1
2011/3/23,2.8,69,14.2
2011/3/24,2.2,72,14.6
2011/3/25,2,66,14.5
2011/3/26,1.9,81,12.9
2011/3/27,1.2,89,12.2
2011/3/28,0.7,78,14.6
2011/3/29,1.4,57,18.6
2011/3/30,3,55,17.2
2011/3/31,2,59,19.9
2011/4/1,0.8,60,22
2011/4/2,0.8,62,23.1
2011/4/3,1.4,71,21.3
2011/4/4,1,83,15.3
2011/4/5,2.3,63,15.9
2011/4/6,1.2,66,20.2
2011/4/7,0.5,73,21.7
2011/4/8,1.1,76,21.5
2011/4/9,2,78,21.4
2011/4/10,0.6,79,23.2
2011/4/11,1.7,77,20.6
2011/4/12,2.7,60,19.8
2011/4/13,0.5,72,22.2
2011/4/14,0.6,73,24
2011/4/15,0.6,67,25.7
2011/4/16,0.8,82,23.4
2011/4/17,0.3,92,18.9
2011/4/18,1.4,71,21.7
2011/4/19,3,55,20.4
2011/4/20,2.4,51,20.9
2011/4/21,0.7,59,22.5
2011/4/22,0.6,74,22.6
2011/4/23,1.4,65,19.3
2011/4/24,0.5,31,22.7
2011/4/25,0.5,49,22.9
2011/4/26,0.5,63,24.5
2011/4/27,1.5,61,26.9
2011/4/28,2,64,24.5
2011/4/29,0.4,70,25.5
2011/4/30,0.5,78,25.5
2011/5/1,0.5,78,26.2
2011/5/2,0.8,85,24.3
2011/5/3,0.8,84,22.9
2011/5/4,1.6,81,22.4
2011/5/5,0.6,84,23.8
2011/5/6,0.4,84,24.5
2011/5/7,0.5,78,26.5
2011/5/8,0.6,68,28.2
2011/5/9,0.7,66,28.9
2011/5/10,0.9,64,29.4
2011/5/11,1.2,62,30.4
2011/5/12,0.8,78,27.8
2011/5/13,1.7,82,23
2011/5/14,1.8,87,21.5
2011/5/15,0.4,89,22.9
2011/5/16,0.4,92,21.6
2011/5/17,1.2,85,21.8
2011/5/18,1.2,65,26.3
2011/5/19,0.6,71,26.5
2011/5/20,0.4,77,26.1
2011/5/21,0.6,75,27.4
2011/5/22,0.7,74,27.6
2011/5/23,0.4,81,26.3
2011/5/24,0.9,86,22.5
2011/5/25,1.6,79,23.8
2011/5/26,2.2,77,26.4
2011/5/27,2.6,84,25.2
2011/5/28,1.6,87,21.9
2011/5/29,1.3,67,22.8
2011/5/31,0.5,68,27.5
2011/6/1,0.7,77,27.3
2011/6/2,0.7,81,26.1
2011/6/3,0.4,81,26.2
2011/6/4,0.7,73,28.6
2011/6/5,0.9,69,29.9
2011/6/6,1,64,31.1
2011/6/7,1.1,63,31.1
2011/6/8,1,60,31.4
2011/6/9,0.8,69,30.6
2011/6/10,0.8,78,29.3
2011/6/11,0.7,76,29.3
2011/6/12,0.9,68,30.6
2011/6/13,1,71,30.2
2011/6/14,1.1,67,31
2011/6/15,1,62,31.6
2011/6/16,0.8,67,30.9
2011/6/17,0.9,71,30.5
2011/6/18,0.8,68,30.7
2011/6/19,0.9,68,30.9
2011/6/20,1.2,63,31.2
2011/6/21,0.7,70,30.4
2011/6/22,0.9,65,31
2011/6/23,1.1,61,31.7
2011/6/24,2.2,71,29.8
2011/6/25,2.3,76,28.3
2011/6/26,1.1,73,29.4
2011/6/27,1,73,30.1
2011/6/28,0.5,80,27.8
2011/6/29,0.4,80,27.5
2011/6/30,0.5,75,28.9
2011/7/1,0.7,73,29.6
2011/7/3,0.7,69,31.1
2011/7/4,0.9,69,31.3
2011/7/5,0.8,66,31.4
2011/7/6,0.8,70,30.4
2011/7/7,0.9,68,30.7
2011/7/8,1.1,65,31.2
2011/7/9,1.3,69,30.1
2011/7/10,1.4,71,29.5
2011/7/11,1.2,65,30.9
2011/7/12,1.1,68,30.4
2011/7/13,0.6,80,28.4
2011/7/14,0.6,76,28.8
2011/7/15,0.4,83,27.5
2011/7/16,0.5,80,27.9
2011/7/17,0.6,76,28.8
2011/7/18,0.6,79,28.5
2011/7/19,1.6,72,30.1
2011/7/20,1,63,31.5
2011/7/21,0.8,67,31.1
2011/7/22,0.9,69,31.1
2011/7/23,1.1,63,32
2011/7/24,1.2,64,31.5
2011/7/25,0.8,73,30.6
2011/7/26,0.4,76,29.4
2011/7/27,1.3,62,31.4
2011/7/28,1.8,57,32.5
2011/7/29,0.9,64,31.7
2011/7/30,0.9,68,31
2011/7/31,0.9,67,31.4
2011/8/1,1.1,62,31.9
2011/8/2,1.5,62,31.4
2011/8/3,0.9,66,30.8
2011/8/4,1.1,68,30.2
2011/8/5,1.4,77,29.9
2011/8/6,1.8,67,31
2011/8/7,0.5,67,31
2011/8/8,0.7,78,29.8
2011/8/9,0.6,75,29.5
2011/8/10,0.6,76,29.4
2011/8/11,0.6,71,29.7
2011/8/12,0.4,74,29
2011/8/13,0.5,71,30
2011/8/14,0.7,69,30
2011/8/15,0.8,69,31
2011/8/16,0.8,68,31.4
2011/8/17,0.9,66,31.7
2011/8/18,1,67,31.4
2011/8/19,0.9,66,31.6
2011/8/20,1.2,66,30.9
2011/8/21,0.8,71,30.4
2011/8/22,0.7,68,30.4
2011/8/23,0.6,69,30.5
2011/8/24,0.8,66,30.5
2011/8/25,2.3,64,30.7
2011/8/26,2.3,71,30.8
2011/8/27,2.7,70,29.7
2011/8/28,2.9,76,29.2
2011/8/29,3.4,72,29.7
2011/8/30,1,74,29.6
2011/8/31,0.7,71,29.6
2011/9/1,0.6,72,29.3
2011/9/2,0.5,77,28.4
2011/9/3,0.8,66,29.6
2011/9/4,0.8,64,29.4
2011/9/5,1,61,28.5
2011/9/6,1,56,28.1
2011/9/7,0.9,57,29.3
2011/9/8,0.7,64,29.6
2011/9/9,1.6,65,30.3
2011/9/10,1.9,64,30.6
2011/9/11,2.4,69,30
2011/9/12,2.1,71,29.4
2011/9/13,2.2,74,29.2
2011/9/14,2.3,77,29.1
2011/9/15,1.6,69,30
2011/9/16,1,69,28.8
2011/9/17,0.8,65,29
2011/9/18,0.9,71,28.1
2011/9/19,1.5,66,26.1
2011/9/20,0.7,66,25.3
2011/9/21,1.1,66,24.7
2011/9/22,2,61,24.7
2011/9/23,2.1,63,24.7
2011/9/24,2.7,71,26.4
2011/9/25,2.7,68,28.5
2011/9/26,3.1,76,28.1
2011/9/27,3.3,73,28.6
2011/9/28,2.4,64,30.7
2011/9/29,0.7,71,30.4
2011/9/30,1.1,79,28.5
2011/10/1,2.9,79,25.6
2011/10/2,3.8,72,25.1
2011/10/3,1.5,82,22.8
2011/10/4,0.5,86,23.2
2011/10/5,0.8,80,24.5
2011/10/6,1.6,77,24.9
2011/10/7,2.4,72,25.5
2011/10/8,2.6,74,26.2
2011/10/9,1.8,76,26.9
2011/10/10,0.6,72,27.9
2011/10/11,1.3,70,28.3
2011/10/12,0.9,74,27.3
2011/10/13,0.5,75,27.2
2011/10/14,0.6,77,26.4
2011/10/15,0.6,81,24.6
2011/10/16,2.5,60,25.1
2011/10/17,2.6,58,24.9
2011/10/18,2.5,59,24.5
2011/10/19,2.6,62,23.8
2011/10/20,0.6,83,23.7
2011/10/21,0.7,84,24.6
2011/10/22,2,69,24.5
2011/10/23,2.1,70,25.7
2011/10/24,0.5,74,26
2011/10/25,1.7,76,22.7
2011/10/26,1.8,69,21.8
2011/10/27,1.6,70,24
2011/10/28,2,72,24.7
2011/10/29,2.2,69,24.1
2011/10/30,2.5,68,23.6
2011/10/31,2.4,71,23.1
2011/11/1,1.4,84,24.4
2011/11/2,2.1,74,26.7
2011/11/3,2.3,75,27.2
2011/11/4,1.8,68,28.7
2011/11/5,0.7,74,27.4
2011/11/6,2.2,80,26.4
2011/11/7,2.4,85,24.9
2011/11/8,2,85,24.3
2011/11/9,0.8,87,21.7
2011/11/10,0.7,91,20
2011/11/11,1.2,90,20.1
2011/11/12,1.6,85,21.3
2011/11/13,0.6,86,22
2011/11/14,1.5,80,22.2
2011/11/15,1.2,81,23.1
2011/11/16,2.2,76,25.7
2011/11/17,0.9,77,25.3
2011/11/18,0.1,85,25
2011/11/19,0.4,87,23.2
2011/11/20,2.6,66,21
2011/11/21,2.8,58,21.6
2011/11/22,1.1,61,24.4
2011/11/23,1,78,20.6
2011/11/24,3.2,56,19.9
2011/11/25,2.7,59,21.7
2011/11/26,2.1,61,23.2
2011/11/27,1.3,69,23.9
2011/11/28,1.6,74,24.4
2011/11/29,1.3,80,24.4
2011/11/30,0.6,83,23.6
2011/12/1,1.3,79,18.2
2011/12/2,1,81,15.2
2011/12/3,2.1,59,16.7
2011/12/4,2.4,59,19.4
2011/12/5,1.3,86,19.8
2011/12/6,2,86,22.4
2011/12/7,1,81,24.2
2011/12/8,1.2,83,18.2
2011/12/9,1.6,79,14.9
2011/12/10,1.8,76,15.6
2011/12/11,2.4,82,15.2
2011/12/12,1.7,85,18.1
2011/12/13,1.6,84,19
2011/12/14,0.9,91,19.7
2011/12/15,0.6,83,18.1
2011/12/16,1.5,72,15.4
2011/12/17,2.4,69,15.3
2011/12/18,1.5,68,17.6
2011/12/19,2,82,16.9
2011/12/20,1.3,83,19.6
2011/12/21,0.6,89,18.9
2011/12/22,0.5,86,15.1
2011/12/23,0.4,85,13.9
2011/12/24,1.6,56,12.9
2011/12/25,2.2,54,15
2011/12/26,2,67,16.3
2011/12/27,1.1,79,17.4
2011/12/28,0.3,78,18.3
2011/12/29,0.8,79,18.5
2011/12/30,1.4,83,15.9
2011/12/31,0.9,82,15.9
2012/1/1,1,71,15.9
2012/1/2,1.6,62,16.4
2012/1/3,1.5,74,17.1
2012/1/4,1.3,79,11
2012/1/5,1.6,85,12.8
2012/1/6,0.4,92,15.8
2012/1/7,1.6,83,17
2012/1/8,0.2,87,18
2012/1/9,1.4,81,17.7
2012/1/10,1.6,71,18.5
2012/1/11,2,67,16.6
2012/1/12,2.7,76,16.8
2012/1/13,1.1,84,18.6
2012/1/14,0.4,86,20.5
2012/1/15,0.6,89,18.7
2012/1/16,1,86,16.1
2012/1/17,1.6,69,18.3
2012/1/18,0.3,71,19.7
2012/1/19,1.2,80,18.6
2012/1/20,1.8,77,17.6
2012/1/21,1.4,81,16.9
2012/1/22,0.6,88,13.6
2012/1/23,1.3,83,12.5
2012/1/24,0.7,89,14
2012/1/25,1.3,80,11.5
2012/1/26,1.2,82,14.2
2012/1/27,0.3,83,16.2
2012/1/28,0.4,82,16.8
2012/1/29,0.8,83,16.9
2012/1/30,1.2,79,16.7
2012/1/31,0.8,80,14.8
2012/2/1,0.9,81,16.7
2012/2/2,2.1,79,14.5
2012/2/3,1.5,89,13
2012/2/4,1.3,81,18.2
2012/2/5,0.6,81,19.5
2012/2/6,0.3,75,21.8
2012/2/7,1.4,81,13.4
2012/2/8,1.9,78,11.2
2012/2/9,1.3,84,13.4
2012/2/10,0.3,90,15.5
2012/2/11,1.3,81,16.8
2012/2/12,1.5,76,20.9
2012/2/13,0.6,71,20.9
2012/2/14,0.6,82,20.8
2012/2/15,1.1,86,18.3
2012/2/16,0.8,82,15.7
2012/2/17,0.8,80,13.9
2012/2/18,2.1,71,12.6
2012/2/19,2.2,74,13.4
2012/2/20,2.2,72,18.8
2012/2/21,0.4,75,20.4
2012/2/22,0.4,75,21
2012/2/23,0.3,92,19.7
2012/2/24,0.5,92,18.3
2012/2/25,0.7,88,15.6
2012/2/26,0.6,86,12.9
2012/2/27,1.5,86,14.1
2012/2/28,0.5,91,14.8
2012/2/29,1.4,82,17.9
2012/3/1,0.7,83,18.3
2012/3/2,0.7,85,19.1
2012/3/3,1.2,85,19.1
2012/3/4,0.7,86,18.6
2012/3/5,0.6,80,20.7
2012/3/6,1.3,77,22.7
2012/3/7,1.1,90,15.8
2012/3/8,0.9,92,15.4
2012/3/9,1.2,87,13.2
2012/3/10,0.8,84,12.6
2012/3/11,1.4,76,14.2
2012/3/12,2.2,84,14.3
2012/3/13,1.1,92,15.3
2012/3/14,0.4,94,16.8
2012/3/15,0.4,90,17.5
2012/3/16,0.3,80,21.7
2012/3/17,0.3,83,24.6
2012/3/18,1.2,85,23.6
2012/3/19,1.6,83,19
2012/3/20,0.9,88,17.5
2012/3/21,2.5,79,18.3
2012/3/22,0.5,79,22.2
2012/3/23,0.8,79,21.2
2012/3/24,1.6,61,13.5
2012/3/25,2.7,50,17
2012/3/26,2.8,47,20.6
2012/3/27,2.2,53,22.2
2012/3/28,1.9,48,23.2
2012/3/29,1.3,53,23.5
2012/3/30,0.5,58,23.7
2012/3/31,2.3,62,18.3
2012/4/1,2.3,54,20.5
2012/4/2,0.3,63,23.6
2012/4/3,1.9,68,21.8
2012/4/4,1.6,57,22.6
2012/4/5,0.5,88,19.8
2012/4/6,1.6,73,19.1
2012/4/7,2.4,62,21.4
2012/4/8,1.8,67,22.8
2012/4/9,0.3,86,21.9
2012/4/10,0.3,77,25.2
2012/4/11,0.9,80,26.2
2012/4/12,0.9,75,26.2
2012/4/13,1,70,27.3
2012/4/14,1.5,82,23.1
2012/4/15,0.5,83,24.3
2012/4/16,1,89,20.6
2012/4/17,1.7,75,20.8
2012/4/18,0.4,85,23.2
2012/4/19,0.2,86,24.5
2012/4/20,0.7,83,25.6
2012/4/21,1.1,80,26.1
2012/4/22,1.1,78,22.8
2012/4/23,0.6,72,25.9
2012/4/24,0.6,74,26.9
2012/4/25,1.4,76,27.7
2012/4/26,1.5,84,19.9
2012/4/27,0.3,87,21
2012/4/28,0.2,86,24
2012/4/29,0.3,79,25.4
2012/4/30,1,70,28.5
2012/5/1,1.2,66,29.9
2012/5/2,1.7,72,28.5
2012/5/3,1.8,75,24.4
2012/5/4,1.5,85,21.9
2012/5/5,0.8,64,24.7
2012/5/6,0.8,56,25.5
2012/5/7,0.4,58,26.5
2012/5/8,1,63,29.3
2012/5/9,1.1,76,27.5
2012/5/10,1.3,85,23.6
2012/5/11,1.9,81,24.7
2012/5/12,1.2,75,27.5
2012/5/13,0.7,71,28.6
2012/5/14,0.9,69,29.7
2012/5/15,0.8,73,29.2
2012/5/16,0.7,81,27.5
2012/5/17,0.7,79,25.1
2012/5/18,1.3,65,26.1
2012/5/19,0.3,85,25.4
2012/5/20,0.6,90,24.5
2012/5/21,1.9,71,24.9
2012/5/22,2.1,62,25.2
2012/5/23,1.6,69,26.7
2012/5/24,0.9,73,27.6
2012/5/25,1.1,72,27.7
2012/5/26,1.6,74,27.4
2012/5/27,1.3,84,25.8
2012/5/28,1.2,91,25.1
2012/5/29,2,78,28
2012/5/30,0.7,77,28.6
2012/5/31,1.8,79,25.5
2012/6/1,1.6,77,25.9
2012/6/2,0.8,85,25.9
2012/6/3,1.9,81,26.1
2012/6/4,0.5,91,26
2012/6/5,1.3,78,27.1
2012/6/6,1.5,73,28.7
2012/6/7,0.7,76,30.1
2012/6/8,1,72,31.1
2012/6/9,1,70,31.1
2012/6/10,1.2,66,31.4
2012/6/11,2.2,71,30.6
2012/6/12,0.4,95,25.2
2012/6/13,1.5,74,27.3
2012/6/14,0.6,87,27.2
2012/6/15,0.4,85,27.8
2012/6/16,0.3,90,27
2012/6/17,0.6,74,30.1
2012/6/18,0.6,75,29.7
2012/6/19,0.4,86,27.6
2012/6/20,0.6,88,26.9
2012/6/21,0.3,92,25.1
2012/6/22,0.4,83,27.7
2012/6/23,0.3,81,28.5
2012/6/24,0.4,78,29.5
2012/6/25,0.5,76,29.4
2012/6/26,0.6,75,29.8
2012/6/27,0.8,73,30
2012/6/28,2,67,30.9
2012/6/29,0.8,66,31.2
2012/6/30,0.9,74,30.1
2012/7/1,1,72,30.8
2012/7/2,0.9,65,31
2012/7/3,0.8,68,31
2012/7/4,0.6,67,31
2012/7/5,0.9,71,30.7
2012/7/6,0.7,74,30.6
2012/7/7,0.8,71,30.8
2012/7/8,1.1,69,31.3
2012/7/9,1.1,66,32.1
2012/7/10,1.1,61,32.6
2012/7/11,1.2,65,32.2
2012/7/12,1.2,62,31.9
2012/7/13,1.5,62,31.8
2012/7/14,1.4,65,32
2012/7/15,0.9,68,31.5
2012/7/16,0.5,77,29.6
2012/7/17,1,70,30.7
2012/7/18,1.1,69,31.4
2012/7/19,1.2,68,31.7
2012/7/20,2.3,63,32.4
2012/7/21,2.2,61,32.7
2012/7/22,1.6,62,31.7
2012/7/23,1.8,65,31
2012/7/24,1.9,61,31.8
2012/7/25,1.8,62,31.5
2012/7/26,0.5,81,28.4
2012/7/27,1.4,69,30.8
2012/7/28,2.2,62,31.8
2012/7/29,2.8,63,31.5
2012/7/30,2.8,79,29.3
2012/7/31,3.3,81,28.9
2012/8/1,3.6,84,27.9
2012/8/2,1.8,92,26.9
2012/8/3,0.5,82,28.8
2012/8/4,0.7,79,29.6
2012/8/5,0.7,79,28.9
2012/8/6,2.1,76,29.1
2012/8/7,2.5,63,31.3
2012/8/8,0.9,63,32.6
2012/8/9,0.8,75,30
2012/8/10,0.6,69,30.6
2012/8/11,0.8,72,30.4
2012/8/12,0.5,81,28.8
2012/8/13,0.7,76,29.7
2012/8/14,1.5,68,31
2012/8/15,2.9,70,31.2
2012/8/16,1.6,64,31.9
2012/8/17,0.5,81,28.4
2012/8/18,1,75,30.3
2012/8/19,1.2,63,31.4
2012/8/20,1.5,61,31.2
2012/8/21,1.7,63,31
2012/8/22,1.1,74,29.8
2012/8/23,1.8,81,29.1
2012/8/24,3.7,72,30.3
2012/8/25,2.7,67,30.5
2012/8/26,0.7,75,29.2
2012/8/27,1,69,30.6
2012/8/28,2,76,29
2012/8/29,1.2,76,29.8
2012/8/30,0.8,80,28.7
2012/8/31,0.4,79,28.3
2012/9/1,0.6,72,29.2
2012/9/2,1,64,29.9
2012/9/3,0.7,68,29
2012/9/4,1.2,65,30
2012/9/5,1.8,63,31
2012/9/6,1.5,67,31.1
2012/9/7,0.9,65,31
2012/9/8,1.2,64,31.2
2012/9/9,0.9,67,30.4
2012/9/10,1.4,67,30.6
2012/9/11,1.4,66,30.3
2012/9/12,0.7,67,30.3
2012/9/13,0.9,69,30.2
2012/9/14,0.9,82,26.9
2012/9/15,1.6,84,25.3
2012/9/16,0.7,74,24.7
2012/9/17,1,66,25.3
2012/9/18,1.8,60,25.8
2012/9/19,1.7,75,24.6
2012/9/20,1.7,79,25.2
2012/9/21,1.5,74,28.4
2012/9/22,0.7,73,28.7
2012/9/23,1,78,27.9
2012/9/24,2,75,26.8
2012/9/25,2.9,67,27.3
2012/9/26,2.8,71,27.6
2012/9/27,2.9,72,27.4
2012/9/28,2.5,79,25.3
2012/9/29,1.4,63,24
2012/9/30,1.7,59,23.3
2012/10/1,2.1,58,24.2
2012/10/2,1.8,60,24.4
2012/10/3,1.2,58,24
2012/10/4,1.5,64,24.6
2012/10/5,1.9,72,25.3
2012/10/6,1.4,70,25.7
2012/10/7,1.5,71,24.7
2012/10/8,1.5,66,24.9
2012/10/9,0.6,69,24.7
2012/10/10,0.8,69,24
2012/10/11,2,63,23.8
2012/10/12,1.6,60,23.4
2012/10/13,0.7,68,23.7
2012/10/14,0.9,71,24.5
2012/10/15,0.8,71,24.3
2012/10/16,0.6,74,24.5
2012/10/17,1.4,71,23.5
2012/10/18,1.8,56,21.9
2012/10/19,2.4,59,23.5
2012/10/20,1.5,56,25.1
2012/10/21,0.9,60,25.9
2012/10/22,0.4,70,25.2
2012/10/23,1.6,79,23.1
2012/10/24,2.3,70,24.8
2012/10/25,2.5,67,26.6
2012/10/26,2.3,67,27.5
2012/10/27,0.8,67,28
2012/10/28,2.6,80,25.8
2012/10/29,2.4,75,24.7
2012/10/30,1.4,80,23.7
2012/10/31,0.4,88,20.3
2012/11/1,1.8,67,20.6
2012/11/2,2.1,70,23.1
2012/11/3,1.8,65,25.1
2012/11/4,1.3,72,23.4
2012/11/5,2.3,64,22.2
2012/11/6,2.7,59,21.7
2012/11/7,2.4,57,21.3
2012/11/8,0.8,65,23.7
2012/11/9,0.5,71,24
2012/11/10,0.5,71,24.8
2012/11/11,1.3,85,20.2
2012/11/12,2.1,71,20.1
2012/11/13,0.9,74,21.8
2012/11/14,2.8,61,22.9
2012/11/15,3.1,68,22.6
2012/11/16,1,63,24.8
2012/11/17,1,82,19.9
2012/11/18,1.7,77,18.2
2012/11/19,1.5,74,20.3
2012/11/20,1.6,69,22.9
2012/11/21,0.2,83,22.3
2012/11/22,0.1,92,22.5
2012/11/23,0.9,89,20.7
2012/11/24,1.7,86,18.5
2012/11/25,0.6,79,23.3
2012/11/26,0.8,89,18
2012/11/28,0.1,87,19.8
2012/11/29,0.9,89,18.8
2012/11/30,0.6,94,19.7
2012/12/1,0.7,94,20.2
2012/12/2,0.8,92,18.8
2012/12/3,0.3,87,18.1
2012/12/4,2.6,67,18.3
2012/12/5,0.8,87,17.3
2012/12/6,2.7,59,16.9
2012/12/7,1.6,69,20.3
2012/12/8,1.5,85,18.3
2012/12/9,2,84,15.4
2012/12/10,1.9,70,16.6
2012/12/11,0.5,88,16.2
2012/12/12,2.2,83,16.7
2012/12/13,1.3,80,19.9
2012/12/14,0.3,75,21.1
2012/12/15,0.2,77,22
2012/12/16,0.5,83,21.3
2012/12/17,1.5,77,20.4
2012/12/18,1.1,82,15.1
2012/12/19,1.7,80,14.8
2012/12/20,1.2,74,19.8
2012/12/21,0.3,74,20.4
2012/12/22,1,79,17.4
2012/12/23,1.4,73,12.5
2012/12/24,2.7,61,15.1
2012/12/25,1.6,65,19.4
2012/12/26,2.6,78,20
2012/12/27,1.2,75,21.2
2012/12/28,1.4,75,19.7
2012/12/29,1.9,71,21.8
2012/12/30,1.5,73,10
2012/12/31,1.1,62,10.9
2013/1/1,0.8,85,13.9
2013/1/2,0.2,86,17.3
2013/1/3,1.7,84,14.8
2013/1/4,1.7,88,15.5
2013/1/5,0.7,87,16.8
2013/1/6,0.7,86,18.7
2013/1/7,0.2,86,18.5
2013/1/8,0.6,90,16.4
2013/1/9,0.6,88,14.4
2013/1/10,1.6,83,14.6
2013/1/11,1.8,77,18.1
2013/1/13,1.1,89,16.1
2013/1/14,1.5,62,14.5
2013/1/15,0.6,59,17.6
2013/1/16,0.7,75,16.9
2013/1/17,1.4,71,13.8
2013/1/18,1.8,60,13.2
2013/1/19,1.4,61,17.7
2013/1/20,0.3,70,18.3
2013/1/21,0.2,73,20.7
2013/1/22,1,78,19.5
2013/1/23,1.2,78,17.5
2013/1/24,1.5,70,18.6
2013/1/25,1.8,70,15.9
2013/1/26,1.4,73,17.1
2013/1/27,1.6,70,14.9
2013/1/28,2.3,60,15.9
2013/1/29,0.3,77,16.5
2013/1/30,1.3,66,17.5
2013/1/31,0.4,63,19.2
2013/2/1,0.1,64,20.4
2013/2/2,1.8,75,21.8
2013/2/3,0.7,84,20
2013/2/4,0.2,77,22.7
2013/2/5,0.4,79,20.5
2013/2/11,0.8,80,18.5
2013/2/12,0.7,87,16.2
2013/2/13,1.9,78,16.9
2013/2/14,0.6,82,18.4
2013/2/15,0.6,86,16.5
2013/2/17,0.4,70,21.3
2013/2/18,0.6,74,22.1
2013/2/19,1.1,83,16.5
2013/2/20,2.3,79,15.6
2013/2/21,1.1,85,18.7
2013/2/22,0.9,87,16.1
2013/2/23,1.8,78,16.8
2013/2/24,2.2,67,20.5
2013/2/25,0.4,74,20.6
2013/2/26,0.7,69,21.9
2013/2/27,0.4,90,19.2
2013/2/28,1,76,21.2
2013/3/1,0.7,79,20.6
2013/3/2,1.6,77,13.9
2013/3/3,1.3,68,13.1
2013/3/4,2.1,56,15.2
2013/3/5,1.8,46,19
2013/3/6,0.7,57,20.2
2013/3/7,0.5,62,19.5
2013/3/8,0.4,55,20.9
2013/3/9,0.5,64,21.5
2013/3/10,1.3,72,21.5
2013/3/11,2.2,72,18.6
2013/3/12,0.8,77,20.3
2013/3/13,0.8,79,21.5
2013/3/14,2.3,71,15.5
2013/3/15,1.3,77,17.7
2013/3/16,0.6,82,19.8
2013/3/17,0.3,74,22.2
2013/3/18,1.3,73,24.4
2013/3/19,0.5,79,24.4
2013/3/20,1.2,82,23.8
2013/3/21,2.2,77,20.1
2013/3/22,0.5,73,24.1
2013/3/23,0.6,82,23.3
2013/3/24,1.1,84,21.8
2013/3/25,2.3,75,17.9
2013/3/26,1.1,79,20.4
2013/3/27,0.9,85,18.2
2013/3/28,1.1,83,19.7
2013/3/29,0.7,86,18.6
2013/3/30,1.3,84,19.4
2013/3/31,0.6,90,19.1
2013/4/1,0.6,89,21
2013/4/2,1.5,80,19.9
2013/4/3,2,70,19.8
2013/4/4,0.4,87,21.2
2013/4/5,0.3,93,22.1
2013/4/6,1.2,83,18.5
2013/4/7,2.5,53,16.5
2013/4/8,0.6,65,20.6
2013/4/9,0.7,85,19
2013/4/10,1.9,66,18.8
2013/4/11,2.1,80,17.7
2013/4/12,1.5,84,15.3
2013/4/13,1,77,19.1
2013/4/14,0.1,92,18.2
2013/4/15,0.6,67,22.8
2013/4/16,0.5,77,23.6
2013/4/17,0.8,74,26.2
2013/4/18,0.6,78,26.5
2013/4/19,1.2,84,22.2
2013/4/20,0.5,87,21.9
2013/4/21,1.8,79,17.1
2013/4/22,1.8,70,20.1
2013/4/23,0.4,77,24.1
2013/4/24,0.7,83,24.5
2013/4/25,0.4,89,22.2
2013/4/26,1.6,64,22.6
2013/4/27,1.5,76,21.2
2013/4/28,0.1,76,23.1
2013/4/29,0.5,72,25.2
2013/4/30,1.2,72,26.5
2013/5/1,1.3,78,17.9
2013/5/2,1.9,57,20.5
2013/5/5,2.2,73,25.3
2013/5/6,1,75,25.9
2013/5/7,1.6,70,26.9
2013/5/8,1.5,70,26.8
2013/5/9,0.4,74,27.2
2013/5/10,0.5,78,27.6
2013/5/11,0.4,94,22.6
2013/5/12,0.3,94,22.7
2013/5/13,0.3,89,24.7
2013/5/14,0.4,78,26.7
2013/5/15,0.2,83,26.1
2013/5/16,0.1,85,26.8
2013/5/17,1,84,26.9
2013/5/18,0.4,85,26.8
2013/5/19,1.1,76,28.6
2013/5/20,0.9,79,28.2
2013/5/21,0.5,87,25.8
2013/5/22,0.3,87,26.3
2013/5/23,0.8,83,26.9
2013/5/24,1,79,26.8
2013/5/25,2.1,66,27.5
2013/5/26,0.7,72,27.7
2013/5/27,0.7,65,30
2013/5/28,0.7,65,30.8
2013/5/29,0.6,69,30.3
2013/5/30,0.8,71,30
2013/5/31,1,71,30.1
2013/6/1,0.9,69,30.7
2013/6/2,1.2,68,30.3
2013/6/3,1.5,75,28.3
2013/6/4,1,79,27.5
2013/6/5,0.5,80,27.1
2013/6/6,0.8,69,28.6
2013/6/7,0.7,69,29.6
2013/6/8,1.2,63,31
2013/6/9,1.1,68,30.1
2013/6/10,1.3,78,26.5
2013/6/11,0.5,86,26.6
2013/6/12,1,84,27.6
2013/6/13,1.3,74,28.6
2013/6/14,0.5,74,29.3
2013/6/15,0.7,72,30
2013/6/16,0.3,76,29.7
2013/6/17,0.3,76,29.8
2013/6/18,0.8,65,30.6
2013/6/19,0.9,72,29.8
2013/6/20,0.7,73,29.9
2013/6/21,0.8,69,30.9
2013/6/22,0.7,68,30.8
2013/6/23,0.7,76,29.4
2013/6/24,0.7,70,30
2013/6/25,0.8,63,30.8
2013/6/26,1.1,64,31.8
2013/6/27,1.3,60,32
2013/6/28,1,63,31.5
2013/6/29,0.9,65,31.5
2013/6/30,0.9,71,30.6
2013/7/1,0.9,61,31.5
2013/7/2,0.8,69,30.8
2013/7/3,0.8,66,31.2
2013/7/4,1,65,31.6
2013/7/5,0.6,70,30.4
2013/7/6,0.6,75,29.2
2013/7/7,0.6,77,28.6
2013/7/8,0.8,70,29.8
2013/7/9,0.6,66,30.3
2013/7/10,0.8,65,30.1
2013/7/11,1.1,65,30.1
2013/7/12,2,77,28.9
2013/7/13,2.3,79,27.2
2013/7/14,0.7,71,29.2
2013/7/15,0.5,72,29.3
2013/7/16,0.8,64,30.7
2013/7/17,1.3,59,30.7
2013/7/18,1.7,59,29.7
2013/7/19,0.5,67,29.5
2013/7/20,0.8,66,30.1
2013/7/21,1.1,65,30.7
2013/7/22,1.2,65,31
2013/7/23,0.9,66,30.8
2013/7/24,0.9,69,30.5
2013/7/25,0.7,74,29.6
2013/7/26,0.5,75,29
2013/7/27,0.7,74,29.5
2013/7/28,0.7,69,30.1
2013/7/29,0.7,64,31.4
2013/7/30,0.7,64,31.3
2013/7/31,0.5,66,30.3
2013/8/1,1.3,59,30.6
2013/8/2,0.8,66,30.4
2013/8/3,0.7,67,31
2013/8/4,0.7,65,31.9
2013/8/5,0.8,61,32.2
2013/8/6,0.9,68,31.6
2013/8/7,0.8,69,31.7
2013/8/8,0.9,59,32.5
2013/8/9,1,66,31.6
2013/8/10,1.1,65,31.2
2013/8/11,1.2,60,31.5
2013/8/12,2.1,54,32.3
2013/8/13,1.7,55,32.6
2013/8/14,0.7,71,29.7
2013/8/15,0.4,80,27.8
2013/8/16,1,73,29
2013/8/17,0.5,73,29.3
2013/8/18,0.6,73,29.7
2013/8/19,0.8,70,30.5
2013/8/20,0.5,90,27.6
2013/8/21,1.4,91,27.6
2013/8/22,0.3,89,27.9
2013/8/23,0.4,85,28.3
2013/8/24,0.5,79,28.5
2013/8/25,0.5,77,29.1
2013/8/26,0.6,70,30.1
2013/8/27,1.5,65,31.3
2013/8/28,2.2,68,30.5
2013/8/29,1,83,27.5
2013/8/30,0.3,75,28.4
2013/8/31,0.4,88,26.8
2013/9/1,1,89,24.1
2013/9/2,0.7,68,25.7
2013/9/3,0.7,68,25.9
2013/9/4,1.4,61,26.8
2013/9/5,1.7,67,27.9
2013/9/6,1.7,65,29.7
2013/9/7,2.2,66,29.3
2013/9/8,2.6,66,29
2013/9/9,2.3,68,29.6
2013/9/10,1.5,67,30.2
2013/9/11,1.8,64,30.8
2013/9/12,1.9,63,31.2
2013/9/13,1.5,67,30.4
2013/9/14,1.3,68,30.5
2013/9/15,1.3,72,29.1
2013/9/16,2.4,66,28.5
2013/9/17,2.1,64,28.1
2013/9/18,1.9,80,27.6
2013/9/19,2.6,76,28.7
2013/9/20,2.2,79,28.2
2013/9/21,3.7,81,28.4
2013/9/22,2.6,74,28.7
2013/9/23,1.9,68,29.5
2013/9/24,2.4,65,29.5
2013/9/25,1.9,68,28.4
2013/9/26,2.3,66,25.6
2013/9/27,2.6,68,26.2
2013/9/28,2.2,74,27.4
2013/9/29,2,69,28.6
2013/9/30,1.4,83,26.4
2013/10/1,1.3,75,26.9
2013/10/2,1,66,26.1
2013/10/3,0.7,70,23.6
2013/10/4,0.7,69,24.5
2013/10/5,1.8,88,24.4
2013/10/6,2.3,86,25.4
2013/10/7,0.6,79,27.1
2013/10/8,0.7,74,28.2
2013/10/9,0.8,82,26.1
2013/10/10,1.6,76,27.6
2013/10/11,2,76,27
2013/10/12,2.9,73,25.7
2013/10/13,2.8,65,26.5
2013/10/14,1.6,67,27.2
2013/10/15,1.5,64,25.5
2013/10/16,1.6,56,22.3
2013/10/17,1.7,69,23.1
2013/10/18,1.3,71,24.1
2013/10/19,1.5,73,24.7
2013/10/20,1,68,24.5
2013/10/21,0.8,67,23.4
2013/10/22,1.1,67,22.6
2013/10/23,1.7,75,22.3
2013/10/24,1.6,72,21.4
2013/10/25,1.5,60,20.4
2013/10/26,1.3,59,20.4
2013/10/27,1.5,62,21.6
2013/10/28,1.5,63,23.2
2013/10/29,1.9,64,24.4
2013/10/30,2.2,67,24.9
2013/10/31,2.4,74,23.5
2013/11/1,2.3,81,25.8
2013/11/2,0.2,82,26.1
2013/11/3,0.7,85,24.7
2013/11/4,1.4,82,22.4
2013/11/5,2.4,84,21.9
2013/11/6,0.8,82,24.5
2013/11/7,2.2,76,23.7
2013/11/8,2,67,26.6
2013/11/9,1.9,64,28.1
2013/11/10,1.2,75,26.9
2013/11/11,2.6,81,22.2
2013/11/12,2.5,81,20.9
2013/11/13,2.2,82,20.8
2013/11/14,2.1,77,23.2
2013/11/15,1.4,77,21.7
2013/11/16,0.6,83,20.3
2013/11/17,1.1,57,19.2
2013/11/18,1.3,53,17.4
2013/11/19,1.7,51,17.8
2013/11/20,2,55,20.2
2013/11/21,2,67,21.2
2013/11/22,1.8,74,20.7
2013/11/23,1.8,60,24.2
2013/11/24,0.5,72,22.5
2013/11/25,1.3,74,18
2013/11/26,2.4,57,19.8
2013/11/27,0.9,68,19.7
2013/11/28,1.4,66,14
2013/11/29,1.4,52,13.8
2013/11/30,0.9,52,17.3
2013/12/1,1.4,59,17.7
2013/12/2,1.9,57,17.6
2013/12/3,1.3,52,18.5
2013/12/4,0.7,60,17.6
2013/12/5,1,62,19.3
2013/12/6,1.4,67,19.2
2013/12/7,2,67,20.5
2013/12/8,1.8,72,22.5
2013/12/9,1.1,77,20.6
2013/12/10,2.5,61,16.1
2013/12/11,1.7,60,16.3
2013/12/12,1.4,72,17.4
2013/12/13,0.9,82,18.3
2013/12/14,1.7,85,19.5
2013/12/15,1.6,90,19.5
2013/12/16,1.7,84,20.1
2013/12/17,0.9,91,16.4
2013/12/18,1.4,83,14.1
2013/12/19,1.1,79,13
2013/12/20,1.6,78,13.3
2013/12/21,0.6,87,12.4
2013/12/22,1.2,80,14.3
2013/12/23,0.6,89,15.2
2013/12/24,1.3,86,14.5
2013/12/25,0.8,89,15.8
2013/12/26,1.3,80,14.2
2013/12/27,1.8,58,11.2
2013/12/28,0.9,67,12.9
2013/12/29,0.6,82,11.7
2013/12/30,0.8,81,14.8
2013/12/31,0.8,67,17.1
2014/1/1,1.2,66,17.8
2014/1/2,0.2,67,20.3
2014/1/3,0.3,75,19.9
2014/1/4,1,57,17.8
2014/1/5,1.8,56,15.8
2014/1/6,1.8,57,18.1
2014/1/7,0.4,63,19.5
2014/1/8,0.8,78,16.9
2014/1/9,1.1,78,12.9
2014/1/10,2,75,15
2014/1/11,1.2,66,19.5
2014/1/12,1,83,16.5
2014/1/13,1,79,15.3
2014/1/14,0.7,81,13.7
2014/1/15,2.3,55,14.6
2014/1/16,1.3,60,15.3
2014/1/17,1.2,59,16.5
2014/1/18,1.4,55,14.1
2014/1/19,1.9,49,16.5
2014/1/20,0.9,67,15.7
2014/1/21,1.8,49,12.7
2014/1/22,1.9,49,12.3
2014/1/23,1.4,50,15.5
2014/1/24,0.5,56,16.4
2014/1/25,0.3,56,17.7
2014/1/26,1.6,64,16.4
2014/1/27,2.1,59,17.3
2014/1/28,1.2,59,19.5
2014/1/29,0.9,67,19.7
2014/1/30,0.2,64,18.8
2014/1/31,1,63,20.9
2014/2/1,0.3,61,20.6
2014/2/2,0.3,64,21.3
2014/2/3,1.1,70,21.3
2014/2/4,2.9,76,15.8
2014/2/5,1.8,85,17.4
2014/2/6,0.7,89,18.2
2014/2/7,0.3,91,16.9
2014/2/8,1.3,85,14.2
2014/2/9,0.8,91,13
2014/2/10,1.8,82,9.1
2014/2/11,1.1,84,8.4
2014/2/12,0.1,93,11.5
2014/2/13,0.9,89,13.5
2014/2/14,1.1,86,11.9
2014/2/15,0.9,74,14
2014/2/16,0.6,76,17.6
2014/2/17,0.3,74,19.8
2014/2/18,0.9,85,16.9
2014/2/19,1.6,86,11.7
2014/2/20,1.8,58,11.7
2014/2/21,1.8,57,14.7
2014/2/22,1.4,69,17.6
2014/2/23,1.5,61,19.5
2014/2/24,0.7,64,20.3
2014/2/25,0.6,74,19.5
2014/2/26,0.3,76,20.1
2014/2/27,2.3,77,19.1
2014/2/28,1.3,71,21.7
2014/3/1,0.6,79,19.9
2014/3/2,1.2,83,15.2
2014/3/3,1.2,82,15.5
2014/3/4,0.7,90,15.7
2014/3/5,1.8,77,14.5
2014/3/6,1.2,88,13.9
2014/3/7,1.2,89,15.1
2014/3/8,0.8,92,14.9
2014/3/9,1.5,77,13.5
2014/3/10,2.6,65,15.5
2014/3/11,0.9,66,19
2014/3/12,0.4,86,17.7
2014/3/13,1,83,15.9
2014/3/14,1.9,52,14.7
2014/3/15,1.4,50,18
2014/3/16,0.3,64,18.9
2014/3/17,0.3,71,20.6
2014/3/18,0.3,72,22.9
2014/3/19,0.4,72,24.4
2014/3/20,1.1,78,17.8
2014/3/21,2.6,57,14.1
2014/3/22,2.7,57,16.6
2014/3/23,2.2,57,20
2014/3/24,1,62,21.5
2014/3/25,0.3,66,22.6
2014/3/26,0.4,69,24.6
2014/3/27,1.2,76,24.8
2014/3/28,0.7,72,25.8
2014/3/29,1.1,74,26.3
2014/3/30,2.2,60,23.1
2014/3/31,1,75,22.1
2014/4/1,1,86,17.7
2014/4/2,0.7,79,19.1
2014/4/3,0.4,84,18.8
2014/4/4,2.3,61,18.5
2014/4/5,0.7,55,21.6
2014/4/6,2.8,67,20.1
2014/4/7,0.5,87,19.3
2014/4/8,0.7,81,21.9
2014/4/9,1,81,21.6
2014/4/10,2.5,67,22.9
2014/4/11,0.6,64,24.6
2014/4/12,0.6,68,25.1
2014/4/13,1.3,71,24.9
2014/4/14,2.4,68,19.7
2014/4/15,2.6,59,22.4
2014/4/16,0.5,66,24.3
2014/4/17,0.7,67,25.5
2014/4/18,0.7,73,25.5
2014/4/19,0.6,75,25.5
2014/4/20,0.9,81,23.1
2014/4/21,1.3,77,23
2014/4/22,0.8,84,21.6
2014/4/23,2,75,20.4
2014/4/24,0.4,88,21.6
2014/4/25,0.6,85,23.4
2014/4/26,0.7,84,24.7
2014/4/27,0.7,79,24.8
2014/4/28,2.3,66,22.7
2014/4/29,2.5,63,21.7
2014/4/30,1.3,74,21.7
2014/5/1,0.2,90,20.5
2014/5/2,1.4,79,23.9
2014/5/3,2.5,65,23.2
2014/5/4,0.3,70,24.3
2014/5/5,1.6,80,19.1
2014/5/6,1.3,86,18.1
2014/5/7,0.2,87,21.3
2014/5/8,1,77,23.8
2014/5/9,0.5,86,23.6
2014/5/10,0.5,82,24.9
2014/5/11,0.6,74,26.7
2014/5/12,0.7,75,27.6
2014/5/13,0.4,81,26.4
2014/5/14,1.9,61,30
2014/5/15,0.6,76,26.5
2014/5/16,0.6,83,24.2
2014/5/17,0.6,79,27.3
2014/5/18,0.8,74,28.3
2014/5/19,0.3,83,26.4
2014/5/20,0.5,87,25
2014/5/21,1.3,89,19.7
2014/5/22,0.2,88,23.8
2014/5/23,0.6,88,24.7
2014/5/24,0.8,73,27.6
2014/5/25,0.5,73,28.1
2014/5/26,1,72,28.9
2014/5/27,0.7,85,27.1
2014/5/28,0.7,81,28
2014/5/29,0.5,91,25.9
2014/5/30,0.6,84,27.3
2014/5/31,0.6,79,28
2014/6/1,0.6,75,28.9
2014/6/2,0.7,67,30.3
2014/6/3,0.8,77,27.5
2014/6/4,1.1,72,28
2014/6/5,0.6,81,26.9
2014/6/6,0.6,85,25.2
2014/6/7,0.3,87,26
2014/6/8,0.7,89,26.1
2014/6/9,0.5,89,26.4
2014/6/10,1,86,26.1
2014/6/11,1.1,84,25.2
2014/6/12,2.8,70,25.8
2014/6/13,2.6,67,27.3
2014/6/14,0.9,74,28.6
2014/6/15,0.4,83,27.7
2014/6/16,0.4,79,28.2
2014/6/17,1.5,69,30.2
2014/6/18,1.3,68,30.5
2014/6/19,0.8,74,29.7
2014/6/20,0.6,81,28.9
2014/6/21,0.6,81,28.9
2014/6/22,0.6,83,28.6
2014/6/23,0.7,79,28.8
2014/6/24,1.1,77,28.4
2014/6/25,0.7,80,28.9
2014/6/26,0.8,69,30.8
2014/6/27,0.8,72,30.8
2014/6/28,0.9,73,30.5
2014/6/29,0.8,76,29.7
2014/6/30,0.6,80,28.5
2014/7/1,0.6,76,29.4
2014/7/2,0.6,69,30.9
2014/7/3,1,65,31.9
2014/7/4,0.9,70,30.8
2014/7/5,0.9,66,31.2
2014/7/6,0.8,65,32.3
2014/7/7,1.7,67,31.6
2014/7/8,1.3,79,28.9
2014/7/9,1.2,63,32.6
2014/7/10,0.8,69,31.7
2014/7/11,0.7,71,31
2014/7/12,0.8,68,31.5
2014/7/13,1,62,32.5
2014/7/14,0.7,71,30.7
2014/7/15,0.6,73,30.2
2014/7/16,1.3,65,30.8
2014/7/17,1.4,61,31.9
2014/7/18,1.3,66,31.1
2014/7/19,1.5,61,31.3
2014/7/20,2.6,58,31.6
2014/7/21,2.5,59,31.6
2014/7/22,2.9,76,29.4
2014/7/23,1.9,83,27.6
2014/7/24,0.5,70,30.4
2014/7/25,0.7,80,28.6
2014/7/26,0.8,72,29.5
2014/7/27,1.2,64,30.8
2014/7/28,1.5,62,30.9
2014/7/29,2.1,64,30.9
2014/7/30,1.3,73,30.4
2014/7/31,1.2,79,29.4
2014/8/1,1.8,66,31.9
2014/8/2,0.8,63,31.7
2014/8/3,0.7,68,30.5
2014/8/4,0.7,73,30.1
2014/8/5,0.5,73,29.9
2014/8/6,0.7,71,30.1
2014/8/12,1,74,29.8
2014/8/13,0.7,78,28.7
2014/8/14,1,65,30.9
2014/8/15,1,67,31
2014/8/16,0.7,71,30.5
2014/8/17,0.7,69,30.6
2014/8/18,0.7,75,28.6
2014/8/19,0.6,80,27.1
2014/8/20,0.7,74,28.7
2014/8/21,0.9,70,29.4
2014/8/22,0.9,65,30.2
2014/8/23,0.7,64,29.7
2014/8/24,0.7,69,29.6
2014/8/25,1,67,30.2
2014/8/26,1.2,63,31
2014/8/27,0.7,62,30.8
2014/8/28,1.1,66,30.3
2014/8/29,1.1,59,31.9
2014/8/30,0.9,66,30.6
2014/8/31,0.9,66,30.2
2014/9/2,0.6,61,31.1
2014/9/3,0.9,62,31.1
2014/9/4,1.7,67,30
2014/9/5,2.3,63,31.1
2014/9/6,2.2,64,31.1
2014/9/7,0.9,68,30.4
2014/9/8,0.9,68,30.5
2014/9/9,0.9,69,30
2014/9/10,0.9,70,29.8
2014/9/11,1,65,30.6
2014/9/12,0.7,67,30.6
2014/9/13,1,65,30.5
2014/9/14,3,69,30.3
2014/9/15,3.2,60,31.7
2014/9/16,0.9,62,31.7
2014/9/17,1.4,66,30.9
2014/9/18,2.4,64,31
2014/9/19,2.9,62,30.9
2014/9/20,2.8,59,31.3
2014/9/21,2.1,64,29.2
2014/9/22,1,80,26.9
2014/9/23,0.4,78,28.1
2014/9/24,0.6,82,27.4
2014/9/25,1,74,27.9
2014/9/26,1.4,73,27.9
2014/9/27,1.2,66,27.8
2014/9/28,1.3,67,27.7
2014/9/29,0.7,65,28
2014/9/30,1.6,67,28.6
2014/10/1,1.5,76,27
2014/10/2,1.1,71,26.9
2014/10/3,1.4,62,26
2014/10/4,1.3,60,24.6
2014/10/5,1.6,64,25.1
2014/10/6,2.4,58,24.8
2014/10/7,2.3,59,24.2
2014/10/8,2.3,66,24.7
2014/10/9,1.1,79,24.7
2014/10/10,1.4,84,25.2
2014/10/11,2,82,24.2
2014/10/12,0.6,68,24
2014/10/13,1.1,66,22.6
2014/10/14,1.6,61,21.7
2014/10/15,1.7,58,21.6
2014/10/16,1.7,57,22
2014/10/17,1.9,67,23.6
2014/10/18,2.3,62,25.1
2014/10/19,1.9,66,26.2
2014/10/20,0.4,65,27.4
2014/10/21,0.5,68,27.5
2014/10/22,1.2,75,24
2014/10/23,2.2,62,23.4
2014/10/24,1.8,69,24.1
2014/10/25,1.8,76,24.6
2014/10/26,0.8,72,26.5
2014/10/27,2.4,66,25.6
2014/10/28,2.7,64,23.8
2014/10/29,2.4,63,26.2
2014/10/30,1.6,59,27
2014/10/31,1,64,26.3
2014/11/1,1.4,70,26.1
2014/11/2,1.1,81,22.7
2014/11/3,2,57,20.8
2014/11/4,1.5,60,21
2014/11/5,1.2,58,21.7
2014/11/6,1.2,66,22
2014/11/7,2,63,22.3
2014/11/8,1.3,68,24.4
2014/11/9,1.1,86,21.6
2014/11/10,1.9,70,22.1
2014/11/11,1.8,68,22.2
2014/11/12,1,79,20.5
2014/11/13,1.4,80,18.1
2014/11/14,1.8,75,19.1
2014/11/15,1.5,77,20.8
2014/11/16,0.9,83,22
2014/11/17,0.6,84,19.5
2014/11/18,1.3,72,18.7
2014/11/19,1.6,68,20.2
2014/11/20,2,75,21.9
2014/11/21,0.7,72,23.5
2014/11/22,1.8,69,24.3
2014/11/23,2,64,25.5
2014/11/24,0.4,71,23.8
2014/11/25,0.5,76,22.8
2014/11/26,1.6,75,22.5
2014/11/27,2,80,23.4
2014/11/28,0.7,81,24.3
2014/11/29,0.5,76,26.1
2014/11/30,0.7,78,25.1
2014/12/1,2.3,74,17.7
2014/12/2,2.4,68,16.1
2014/12/3,1,66,21.2
2014/12/4,2,76,14.4
2014/12/5,2.3,54,14.6
2014/12/6,2.8,55,16.3
2014/12/7,1.9,57,20.2
2014/12/8,1.9,79,17.4
2014/12/9,2.2,79,18.6
2014/12/10,0.9,84,20.6
2014/12/11,1,81,17.4
2014/12/12,1.3,75,13.5
2014/12/13,2.5,55,14.1
2014/12/14,1.8,65,16.6
2014/12/15,0.6,78,18.3
2014/12/16,1.7,61,14.4
2014/12/17,2.3,49,11.5
2014/12/18,2.3,57,15.1
2014/12/19,0.5,76,16.7
2014/12/20,1.8,65,15.8
2014/12/21,1.1,68,15.2
2014/12/22,2.7,53,13.6
2014/12/23,0.8,55,18
2014/12/25,2,70,16.9
2014/12/26,2.7,69,16.5
2014/12/27,1.4,82,16.3
2014/12/28,1,85,14.4
2014/12/29,1,55,14.4
2014/12/30,1.3,58,15.7
2014/12/31,1.3,60,16.6
2015/1/1,2.7,53,13.6
2015/1/2,2.6,54,14
2015/1/3,1.1,57,16.4
2015/1/4,0.2,71,17
2015/1/5,0.1,75,18.4
2015/1/6,1.2,74,19.6
2015/1/7,1.2,75,15.2
2015/1/8,2.2,58,13.3
2015/1/9,2.7,57,15.7
2015/1/10,1.7,57,16.6
2015/1/11,2,57,17.3
2015/1/12,2.8,65,17
2015/1/13,1.9,66,20.2
2015/1/14,1.2,77,15.9
2015/1/15,1.8,65,15.8
2015/1/16,1.4,66,17.2
2015/1/17,2.8,55,15.2
2015/1/18,2,60,16.7
2015/1/19,3.1,54,15.8
2015/1/20,2,60,18.3
2015/1/21,0.8,76,17.1
2015/1/22,0.8,63,14.6
2015/1/23,1.4,57,15
2015/1/24,0.4,59,17.3
2015/1/25,0.3,66,18.8
2015/1/26,0.4,78,18.5
2015/1/27,1.2,84,17.2
2015/1/28,2,79,15.3
2015/1/29,1.4,78,18.2
2015/1/30,1.2,78,15.6
2015/1/31,1.7,75,14.2
2015/2/1,2.5,74,15.4
2015/2/3,0.6,88,16.8
2015/2/4,0.7,83,14.7
2015/2/5,1.5,67,11.9
2015/2/7,0.4,78,16.7
2015/2/9,1.3,65,11.4
2015/2/10,1.2,63,13.6
2015/2/11,0.4,71,15.1
2015/2/12,0.8,53,15.7
2015/2/13,0.9,50,17.3
2015/2/14,0.8,55,20.1
2015/2/15,1,63,19.5
2015/2/16,1.1,78,19.1
2015/2/17,2.4,68,19.4
2015/2/18,2.8,63,17.6
2015/2/19,2.9,64,16.4
2015/2/20,0.8,70,18.5
2015/2/21,0.5,71,20.3
2015/2/22,1,84,19.4
2015/2/23,0.7,87,18.6
2015/2/24,0.7,85,17.6
2015/2/25,0.3,81,19.9
2015/2/26,0.7,88,18.6
2015/2/27,1.4,83,19.5
2015/2/28,1,85,17.6
2015/3/1,1.2,77,13.5
2015/3/2,1.3,77,15.3
2015/3/3,0.8,76,19
2015/3/4,2.3,78,14.8
2015/3/5,1.4,84,16.4
2015/3/6,0.8,86,15.7
2015/3/7,1.2,82,16.6
2015/3/8,0.9,82,19.1
2015/3/9,1.8,73,17.1
2015/3/10,2.5,76,13.5
2015/3/11,1.4,90,12.7
2015/3/12,0.8,85,14
2015/3/13,0.6,76,18.6
2015/3/14,0.7,79,19.9
2015/3/15,0.5,77,21.6
2015/3/16,0.4,80,22.8
2015/3/17,0.4,80,24.3
2015/3/18,0.7,75,25.3
2015/3/19,0.8,73,24.9
2015/3/20,1.2,81,22.7
2015/3/21,1.4,81,20.2
2015/3/23,2,82,17.1
2015/3/24,2.6,78,16.3
2015/3/25,1.5,87,15
2015/3/26,1.2,86,18.8
2015/3/27,0.5,86,17.6
2015/3/28,0.5,66,18.1
2015/3/29,0.8,63,22
2015/3/30,0.3,67,24
2015/3/31,0.5,72,25.3
2015/4/1,0.6,76,26
2015/4/2,0.6,74,26.6
2015/4/3,0.8,70,27.2
2015/4/4,0.8,72,27
2015/4/5,1,68,27.9
2015/4/6,1.2,71,27.2
2015/4/7,2.2,73,19.7
2015/4/8,2.1,75,15.9
2015/4/9,1.8,83,17.5
2015/4/10,1.2,84,17.5
2015/4/11,1.2,86,16.1
2015/4/12,0.4,88,17.8
2015/4/13,0.8,67,18.9
2015/4/14,1.2,51,18.2
2015/4/15,0.8,47,20.3
2015/4/16,0.7,60,23.6
2015/4/17,0.8,79,22.9
2015/4/18,0.5,78,25.5
2015/4/19,0.7,75,27
2015/4/20,2,69,25.8
2015/4/21,1.7,81,18.7
2015/4/22,1.9,73,19.8
2015/4/23,2.3,71,22.8
2015/4/24,1.2,75,23.7
2015/4/25,2.4,67,22.5
2015/4/26,2,62,25.1
2015/4/27,0.8,71,25.6
2015/4/28,1.1,75,25.6
2015/4/29,0.9,77,25.9
2015/4/30,1.5,72,24.6
2015/5/1,0.7,71,25
2015/5/2,0.8,70,27.2
2015/5/3,1.5,71,27.6
2015/5/4,1.5,80,21.6
2015/5/5,1,88,19.9
2015/5/6,0.2,83,23.9
2015/5/7,1.2,82,24.7
2015/5/8,0.3,77,26.2
2015/5/9,1.1,79,26.1
2015/5/10,1.6,76,26.3
2015/5/11,0.5,77,27.2
2015/5/12,1.3,68,22.5
2015/5/13,0.6,60,26.6
2015/5/14,0.5,73,28.2
2015/5/15,0.7,73,28.9
2015/5/16,0.9,68,29.3
2015/5/17,1.1,72,28.2
2015/5/18,1.2,61,29.7
2015/5/19,1.1,57,30.2
2015/5/20,0.8,86,25
2015/5/21,2.3,77,22.3
2015/5/22,0.4,86,24.9
2015/5/23,0.5,91,24.8
2015/5/24,0.6,92,24.5
2015/5/25,0.9,87,23.8
2015/5/26,0.5,83,23.6
2015/5/27,0.6,80,27.1
2015/5/28,1.2,68,30
2015/5/29,1.1,66,31.3
2015/5/30,1.3,67,31
2015/5/31,1.4,80,27.9
2015/6/1,0.8,76,28.5
2015/6/2,0.8,68,30.2
2015/6/3,1.3,65,30.5
2015/6/4,0.9,78,28.4
2015/6/5,1.4,68,30.1
2015/6/6,1.1,82,27.2
2015/6/7,0.8,81,27.8
2015/6/8,1,66,29.7
2015/6/9,1,64,30.7
2015/6/10,1.1,62,31.2
2015/6/11,1.3,63,31.7
2015/6/12,1.1,65,31.2
2015/6/13,1,67,30.2
2015/6/14,0.8,73,29.2
2015/6/15,0.9,70,30.3
2015/6/16,1,66,31.2
2015/6/17,1.1,64,31.6
2015/6/18,1.2,61,31.5
2015/6/19,1.4,69,30.7
2015/6/20,1.3,72,30.1
2015/6/21,0.9,76,29.3
2015/6/22,0.8,70,29.8
2015/6/23,0.7,75,29.1
2015/6/24,0.7,79,28.9
2015/6/25,0.9,69,30.9
2015/6/26,1.4,64,31.8
2015/6/27,1.5,64,32
2015/6/28,1.4,62,32.2
2015/6/29,1.5,63,32.1
2015/6/30,1.4,60,32.2
2015/7/1,1.3,59,32.3
2015/7/2,1.2,59,32.5
2015/7/3,0.8,66,31.4
2015/7/4,1.4,74,29.8
2015/7/5,2.8,64,31.7
2015/7/6,1.7,63,32
2015/7/7,1.9,62,31.8
2015/7/8,3.3,56,32.1
2015/7/9,2,77,29.3
2015/7/10,3,88,26.6
2015/7/11,3.1,63,30.8
2015/7/12,1.1,65,31.1
2015/7/13,1.1,66,31
2015/7/14,1.1,64,30.2
2015/7/15,1.2,65,30
2015/7/16,1.1,63,30.8
2015/7/17,1.2,67,30.7
2015/7/18,1.4,61,31.2
2015/7/19,0.9,72,29.6
2015/7/20,0.9,73,29.3
2015/7/21,0.9,62,31.2
2015/7/22,0.9,62,30.9
2015/7/23,0.6,74,28.9
2015/7/24,0.8,71,29.3
2015/7/25,0.9,66,30.5
2015/7/26,1.1,61,31.1
2015/7/27,0.9,65,30.1
2015/7/28,0.7,68,28.8
2015/7/29,0.5,69,28.8
2015/7/30,0.7,74,28.4
2015/7/31,0.7,65,29.2
2015/8/1,1.1,63,29.9
2015/8/2,0.9,61,30.2
2015/8/3,1,63,29.8
2015/8/4,1,65,29.8
2015/8/5,1.2,70,28.9
2015/8/6,1.7,68,29.7
2015/8/7,3.6,75,29.3
2015/8/8,5.2,80,27.8
2015/8/9,1,76,28.7
2015/8/10,0.6,73,29.7
2015/8/11,0.8,70,30
2015/8/12,0.7,72,30.3
2015/8/13,0.7,73,29.3
2015/8/14,0.8,72,29.2
2015/8/15,1.2,62,30.6
2015/8/16,1.5,64,29.6
2015/8/17,1.1,64,30.5
2015/8/18,1,76,28.8
2015/8/19,1.4,70,30.2
2015/8/20,2.5,63,31
2015/8/21,2.6,68,30.4
2015/8/22,2.8,73,29.5
2015/8/23,1.4,83,27.9
2015/8/24,1.6,74,29.8
2015/8/25,0.9,76,27.8
2015/8/26,1,70,28.4
2015/8/27,0.4,88,25.6
2015/8/28,0.6,89,26
2015/8/29,0.5,87,26.4
2015/8/30,0.5,88,26.2
2015/8/31,0.3,89,25.6
2015/9/1,0.5,83,26.9
2015/9/2,0.5,76,27.8
2015/9/3,0.6,74,28.8
2015/9/4,0.6,72,29.2
2015/9/5,0.8,67,29.9
2015/9/6,1.2,67,30.3
2015/9/7,0.7,80,26.4
2015/9/8,1.7,67,27.5
2015/9/9,1.5,60,27.5
2015/9/10,1.5,58,26.8
2015/9/11,1.9,61,27.2
2015/9/12,1.9,62,27.3
2015/9/13,2.4,65,27
2015/9/14,2.5,76,26.9
2015/9/15,0.8,72,28.7
2015/9/16,1,77,27.1
2015/9/17,1.4,67,26.8
2015/9/18,1,60,26.7
2015/9/19,1.4,60,26.4
2015/9/20,1.4,64,27.3
2015/9/21,1.2,71,27.6
2015/9/22,0.7,69,28.6
2015/9/23,0.9,71,28.9
2015/9/24,0.8,76,27.5
2015/9/25,1.4,66,27.7
2015/9/26,0.7,73,26.3
2015/9/27,0.8,85,24.3
2015/9/28,4,89,26.6
2015/9/29,1.4,77,29
2015/9/30,0.5,74,29.5
2015/10/1,0.8,75,29.5
2015/10/2,1.9,82,25.8
2015/10/3,1,67,29.9
2015/10/4,1.6,67,30.1
2015/10/5,1.7,67,29.9
2015/10/6,2.7,71,27.7
2015/10/7,1.7,64,27.2
2015/10/8,0.8,78,26
2015/10/9,0.6,86,23.5
2015/10/10,0.8,70,24.3
2015/10/11,0.8,72,22
2015/10/12,2.3,55,23.1
2015/10/13,2.8,55,23.1
2015/10/14,2.5,60,23.5
2015/10/15,2.2,63,24.1
2015/10/16,2.6,71,24.7
2015/10/17,3.2,67,24.5
2015/10/18,2.8,74,23.6
2015/10/19,2.6,77,25
2015/10/20,2.8,68,26.1
2015/10/21,2.3,79,24.2
2015/10/22,1.6,81,24.3
2015/10/23,0.7,84,25
2015/10/24,0.9,86,24.7
2015/10/25,2.4,73,24.9
2015/10/26,1.6,66,26
2015/10/27,0.8,72,26.1
2015/10/28,2.3,76,25.2
2015/10/29,0.6,74,26.4
2015/10/30,0.9,77,25
2015/10/31,1.9,76,22.7
2015/11/1,1.9,75,22.8
2015/11/2,1.3,80,21.1
2015/11/3,1.7,81,22.6
2015/11/4,2,75,25.8
2015/11/5,1.1,71,27.1
2015/11/6,1.6,68,28.4
2015/11/7,0.6,77,26.9
2015/11/8,0.5,76,26.7
2015/11/9,1.3,77,25
2015/11/10,2.4,71,21.8
2015/11/11,2.5,77,21.4
2015/11/12,2,78,23.9
2015/11/13,0.5,82,24.3
2015/11/14,1.2,79,23.9
2015/11/15,2.2,75,24.4
2015/11/16,0.7,71,26.7
2015/11/17,0.3,70,26.9
2015/11/18,0.9,74,26.8
2015/11/19,2,75,24.8
2015/11/20,2.7,77,24.7
2015/11/21,1.7,73,24.3
2015/11/22,2.3,70,25.5
2015/11/23,2.2,75,24.6
2015/11/24,1.4,70,23
2015/11/25,1.5,73,21.2
2015/11/26,2.1,52,16
2015/11/27,2.9,54,16
2015/11/28,2.4,64,20.4
2015/11/29,0.6,70,22.9
2015/11/30,1,81,21.1
2015/12/1,1.3,78,22.1
2015/12/2,0.7,78,21.8
2015/12/3,2.2,65,18.1
2015/12/4,2.4,63,17.1
2015/12/5,2.1,71,21.6
2015/12/6,1,85,17.7
2015/12/7,2,71,18.7
2015/12/8,2.4,78,19.4
2015/12/9,1.7,77,21.9
2015/12/10,0.8,80,20.3
2015/12/11,1.2,73,19.1
2015/12/12,1.6,83,18.2
2015/12/13,1.7,79,21.5
2015/12/14,1.2,80,21.4
2015/12/15,1.6,76,17.6
2015/12/16,1.8,57,14.5
2015/12/17,2.2,51,12
2015/12/18,1.5,59,15.7
2015/12/19,2.5,74,18.6
2015/12/20,0.7,67,21.3
2015/12/21,0.9,79,21.2
2015/12/22,0.6,74,23.9
2015/12/23,0.7,76,22.9
2015/12/24,0.7,86,21.6
2015/12/25,0.9,86,17
2015/12/26,1.1,76,17.5
2015/12/27,0.6,89,16.7
2015/12/28,1.3,73,16
2015/12/29,2.2,64,17.3
2015/12/30,1.3,83,16.2
2015/12/31,2,69,16.4
2016/1/1,2,73,19.1
2016/1/2,0.3,86,18.7
2016/1/3,0.2,92,19.1
2016/1/4,0.2,89,20.8
2016/1/5,0.6,89,20.6
2016/1/6,1.2,87,18.3
2016/1/7,1.5,75,17.9
2016/1/8,1,76,17
2016/1/9,2,71,17.1
2016/1/10,0.3,78,19.5
2016/1/12,1.4,80,16.1
2016/1/13,0.7,82,14.2
2016/1/14,0.8,76,14.6
2016/1/15,0.2,84,15.6
2016/1/16,1.1,81,18.2
2016/1/17,0.6,92,16.9
2016/1/18,2,63,14.7
2016/1/19,1.7,81,13.7
2016/1/20,1.8,85,14.8
2016/1/21,0.6,92,15.9
2016/1/22,0.9,90,15
2016/1/23,1.9,82,10
2016/1/24,1.4,61,5.2
2016/1/25,1.6,56,7.5
2016/1/26,0.9,59,14.4
2016/1/27,0.5,70,18.1
2016/1/28,0.4,90,17.2
2016/1/29,0.4,94,17.3
2016/1/30,0.6,87,15.9
2016/1/31,2.2,76,17.7
2016/2/1,0.9,87,13.7
2016/2/2,0.8,84,12.3
2016/2/3,1.2,85,14.3
2016/2/4,0.6,86,16.7
2016/2/5,1.5,85,14
2016/2/6,1.8,52,11.4
2016/2/7,0.8,53,10.8
2016/2/8,0.6,52,12.5
2016/2/9,0.4,57,15.1
2016/2/10,0.5,61,18.7
2016/2/11,0.7,77,19.4
2016/2/12,0.4,77,21.5
2016/2/13,0.6,74,23.1
2016/2/14,0.8,87,16.2
2016/2/15,1.7,73,10.5
2016/2/16,1.6,68,12.3
2016/2/17,1.3,76,13.3
2016/2/18,1.1,87,16.2
2016/2/19,0.9,94,15.5
2016/2/20,1.4,65,14.1
2016/2/21,2.5,58,15.6
2016/2/22,0.9,74,17
2016/2/23,0.9,85,14.1
2016/2/24,1.6,81,13.6
2016/2/25,2.4,79,13.7
2016/2/26,1.3,90,14
2016/2/27,0.4,93,15.3
2016/2/28,1,71,18.3
2016/2/29,2.4,63,15.8
2016/3/1,2.8,52,15
2016/3/2,1.8,51,18.4
2016/3/3,0.5,58,19
2016/3/4,0.4,63,20.5
2016/3/5,0.5,70,22
2016/3/6,0.9,81,20.9
2016/3/7,0.6,80,22.1
2016/3/8,0.5,81,22.5
2016/3/9,1.2,86,17.2
2016/3/10,1.2,87,12
2016/3/11,1.3,85,12.2
2016/3/12,0.9,91,14.8
2016/3/13,0.6,94,16.5
2016/3/14,1.8,73,14
2016/3/15,1.3,87,14
2016/3/16,0.3,96,15.6
2016/3/17,0.1,91,19.1
2016/3/18,0.1,98,19.8
2016/3/19,0.7,96,19.4
2016/3/20,2,77,18.8
2016/3/21,1.3,82,18
2016/3/22,0.6,89,19.3
2016/3/23,1,94,16.9
2016/3/24,1.1,79,12.7
2016/3/25,0.4,90,11.2
2016/3/26,1.3,63,13.7
2016/3/27,0.9,66,13.7
2016/3/28,1.6,52,15.6
2016/3/29,0.5,54,18.6
2016/3/30,0.3,69,19.6
2016/3/31,0.5,82,19.6
2016/4/1,1,74,21.1
2016/4/2,0.4,72,23.8
2016/4/3,0.5,78,24.8
2016/4/4,0.6,84,23.5
2016/4/5,0.6,79,23.6
2016/4/6,0.8,78,24.8
2016/4/7,0.6,78,26.8
2016/4/8,0.8,84,23.8
2016/4/9,0.7,84,22.8
2016/4/10,0.8,86,22.8
2016/4/11,1.1,89,20.5
2016/4/12,0.4,86,22.6
2016/4/13,0.8,90,22.1
2016/4/14,1.1,89,21.2
2016/4/15,0.9,87,21.7
2016/4/16,0.7,80,25.7
2016/4/17,1.3,81,23.4
2016/4/18,0.9,88,19.1
2016/4/19,2.4,72,21.8
2016/4/20,0.5,74,24.8
2016/4/21,0.6,78,27.2
2016/4/22,0.9,78,26.9
2016/4/23,0.6,76,26.7
2016/4/24,0.6,81,25.7
2016/4/25,0.9,83,25.2
2016/4/26,0.7,79,26.4
2016/4/27,1.1,79,26.6
2016/4/28,1.8,78,22.3
2016/4/29,2.6,57,21.9
2016/4/30,0.5,67,23.5
2016/5/1,0.4,83,23.4
2016/5/2,0.4,70,27.5
2016/5/3,1.7,72,27.5
2016/5/4,0.9,71,27.7
2016/5/5,0.5,80,27.1
2016/5/6,0.9,72,28.9
2016/5/7,1.1,74,29.1
2016/5/8,0.8,75,28
2016/5/9,0.9,74,28.1
2016/5/10,1.2,75,27.6
2016/5/11,2.3,75,21.9
2016/5/12,0.9,67,26.9
2016/5/13,2.1,72,27.8
2016/5/14,2.2,69,28.8
2016/5/15,0.8,71,28.3
2016/5/16,1.6,81,22
2016/5/17,2.4,71,20.6
2016/5/18,1,80,23.8
2016/5/19,0.8,76,24.9
2016/5/20,0.9,76,25.3
2016/5/21,0.5,81,26.2
2016/5/22,0.7,81,26.9
2016/5/23,0.8,85,26.6
2016/5/24,1.1,86,25.8
2016/5/25,0.6,82,26.4
2016/5/26,0.5,78,28
2016/5/27,0.6,81,28.5
2016/5/28,0.8,72,30.4
2016/5/29,1.2,65,31.4
2016/5/30,1.5,73,30.7
2016/5/31,1.1,66,32
2016/6/1,2.1,60,32.4
2016/6/2,0.7,83,27.8
2016/6/3,1.1,78,30
2016/6/4,1.5,67,31.8
2016/6/5,0.9,77,28.8
2016/6/6,0.3,82,27.3
2016/6/7,0.9,76,28.2
2016/6/8,0.9,68,29.1
2016/6/9,0.8,74,28.9
2016/6/10,0.5,79,28
2016/6/11,0.6,81,27.6
2016/6/12,0.8,71,29.2
2016/6/13,1.4,71,29
2016/6/14,0.4,89,26.1
2016/6/15,0.9,72,30.2
2016/6/16,1.2,64,31.7
2016/6/17,0.9,74,29.9
2016/6/18,0.9,74,28.8
2016/6/19,0.9,69,29.9
2016/6/20,1,69,30.3
2016/6/21,1,66,30.3
2016/6/22,0.9,65,31.8
2016/6/23,0.9,70,31.6
2016/6/24,1.2,68,31
2016/6/25,1.1,66,31.2
2016/6/26,0.9,71,31
2016/6/27,1.2,68,31.3
2016/6/28,0.6,77,29.4
2016/6/29,0.7,79,29.4
2016/6/30,0.6,73,29.6
2016/7/1,0.8,71,30.6
2016/7/2,0.7,78,29
2016/7/3,0.6,74,29.3
2016/7/4,0.8,71,30.3
2016/7/5,1.6,61,32
2016/7/6,2.3,59,32.5
2016/7/7,2.6,76,29.8
2016/7/8,3.7,79,29
2016/7/9,1.4,72,30.5
2016/7/10,0.5,84,28.4
2016/7/11,0.6,84,28.1
2016/7/12,0.8,77,29.4
2016/7/13,0.8,68,31.1
2016/7/14,0.7,67,31.7
2016/7/15,1.3,63,32
2016/7/16,1.3,60,32.7
2016/7/17,0.8,68,31.1
2016/7/18,0.8,73,29.1
2016/7/19,0.4,75,28.6
2016/7/20,0.8,74,29.5
2016/7/21,0.9,69,30.9
2016/7/22,0.8,65,31.7
2016/7/23,1,65,31.6
2016/7/24,1.2,68,31.1
2016/7/25,1.2,64,31.1
2016/7/26,0.9,67,31
2016/7/27,1.1,59,32.1
2016/7/28,1.2,67,32
2016/7/29,1.2,59,32.8
2016/7/30,1.8,61,31.9
2016/7/31,2.5,67,31.4
2016/8/1,2.3,59,32.2
2016/8/2,0.9,70,30.5
2016/8/3,0.9,68,30.7
2016/8/4,1,62,31.7
2016/8/5,1.2,69,31
2016/8/6,1.4,71,30.6
2016/8/7,0.9,69,30.3
2016/8/8,1.4,72,30.2
2016/8/9,1.2,73,30.6
2016/8/10,1.5,71,31.2
2016/8/11,0.6,81,29
2016/8/12,1.5,68,31
2016/8/13,1.3,72,29.5
2016/8/14,1.9,59,31.6
2016/8/15,1.4,59,31.9
2016/8/16,0.9,71,30.4
2016/8/17,0.8,70,30.1
2016/8/18,0.8,71,30.3
2016/8/19,0.7,71,29.9
2016/8/20,0.8,72,30.3
2016/8/21,1.3,67,31.1
2016/8/22,1.4,58,31.5
2016/8/23,1.2,61,31.4
2016/8/24,1.4,63,31.4
2016/8/25,1,65,30.8
2016/8/26,1.2,65,31.1
2016/8/27,1,74,29.9
2016/8/28,0.7,76,27.3
2016/8/29,1.5,57,28.1
2016/8/30,1.3,50,29.1
2016/8/31,0.8,55,29
2016/9/1,0.9,57,29.9
2016/9/2,0.7,69,29
2016/9/3,0.8,83,28.3
2016/9/4,2.1,75,29.9
2016/9/5,1.9,78,29.5
2016/9/6,0.7,80,28.4
2016/9/7,0.9,70,30
2016/9/8,0.9,69,29.8
2016/9/9,0.6,84,27.8
2016/9/10,0.5,84,27.5
2016/9/11,0.7,76,29.1
2016/9/12,1,83,27.5
2016/9/13,1.8,76,28.8
2016/9/14,3.7,73,28.6
2016/9/15,0.7,74,29
2016/9/16,0.9,68,30.1
2016/9/17,1.8,89,26.6
2016/9/18,1,81,26.1
2016/9/19,1.3,70,26.7
2016/9/20,1.1,72,26.1
2016/9/21,2.2,69,27.2
2016/9/22,2.6,75,27
2016/9/23,2.6,75,26.8
2016/9/24,2.6,72,27.1
2016/9/25,2.1,77,27.9
2016/9/26,1.7,79,28.2
2016/9/27,5.5,83,27.8
2016/9/28,0.8,74,29.8
2016/9/29,0.6,77,29
2016/9/30,0.7,75,28.8
2016/10/1,2.4,64,30
2016/10/2,1.3,63,30.2
2016/10/3,1,72,28.4
2016/10/4,1.2,69,28
2016/10/5,2.7,73,28.3
2016/10/6,2.6,70,29.2
2016/10/7,1.4,82,27
2016/10/8,0.6,85,27
2016/10/9,0.4,88,23.4
2016/10/10,0.3,90,23.8
2016/10/11,0.5,88,25.5
2016/10/12,0.4,90,24.2
2016/10/13,1.4,79,25.3
2016/10/14,1.3,79,26.2
2016/10/15,1.9,87,27
2016/10/16,2.6,71,29.2
2016/10/17,2.9,76,28.4
2016/10/18,2.2,73,28.8
2016/10/19,2.8,71,29.1
2016/10/20,2.6,69,30.1
2016/10/21,0.8,67,30.8
2016/10/22,0.7,77,29.2
2016/10/23,1.4,75,28.3
2016/10/24,2,73,27.3
2016/10/25,0.6,71,28.6
2016/10/26,0.7,75,28.8
2016/10/27,0.7,78,27.9
2016/10/28,1.3,79,27.9
2016/10/29,2.6,80,24.7
2016/10/30,2.5,73,23
2016/10/31,2.5,71,24.1
2016/11/1,2.5,72,22.4
2016/11/2,2.4,67,20.9
2016/11/3,2.1,68,21.4
2016/11/4,1.5,80,22.2
2016/11/5,0.5,73,24.3
2016/11/6,1.1,67,25.3
2016/11/7,1,64,26.2
2016/11/8,0.9,80,22.6
2016/11/9,1.6,74,19.8
2016/11/10,0.9,86,19.6
2016/11/11,2.2,65,21.7
2016/11/13,0.5,74,25.5
2016/11/14,0.5,80,25.3
2016/11/15,2,77,24.6
2016/11/16,2.8,72,24.3
2016/11/17,1.5,68,26
2016/11/18,0.4,69,25.6
2016/11/19,0.4,72,25.6
2016/11/20,1.2,74,25.2
2016/11/21,0.5,83,23.1
2016/11/22,1,85,23.2
2016/11/23,1,88,20.4
2016/11/24,2.4,78,19.4
2016/11/25,3.1,80,21.7
2016/11/26,1.6,79,22.9
2016/11/27,1.1,84,19.1
2016/11/28,2.8,59,19.9
2016/11/29,2.7,64,21.3
2016/11/30,1.7,74,23
2016/12/1,1,81,20.3
2016/12/2,2.1,78,20
2016/12/3,2,83,22.1
2016/12/4,0.6,82,23.3
2016/12/5,1.2,76,22.6
2016/12/6,2.1,61,20.1
2016/12/7,2.5,67,20.1
2016/12/8,1.6,76,20.7
2016/12/9,1.9,72,21.4
2016/12/10,2.5,75,21.3
2016/12/11,1.7,78,20.3
2016/12/12,0.7,76,21.6
2016/12/13,0.6,77,20.3
2016/12/14,1,70,18.6
2016/12/15,1.2,65,15
2016/12/16,2.2,53,14.9
2016/12/17,1.7,57,18.4
2016/12/18,0.7,59,21.6
2016/12/19,0.7,69,22.1
2016/12/20,1.8,73,24.6
2016/12/21,1,72,25.4
2016/12/22,1.2,81,21.2
2016/12/23,3.3,59,18.6
2016/12/24,3.2,59,19.5
2016/12/25,2.1,62,23.1
2016/12/26,0.8,74,22.6
2016/12/27,1.7,75,16.2
2016/12/28,1.8,74,15.1
2016/12/29,2.2,66,16
2016/12/30,2.7,65,18.2
2016/12/31,2.4,74,20.8
2017/1/1,1.9,64,22.8
2017/1/2,0.7,76,21.4
2017/1/3,1.8,82,21.3
2017/1/4,2.2,71,23.6
2017/1/5,0.4,78,22
2017/1/6,0.7,80,22.1
2017/1/7,0.6,82,22.4
2017/1/8,1,81,20.4
2017/1/9,2.5,68,17.8
2017/1/10,2.1,63,18.7
2017/1/11,2.6,72,19.7
2017/1/12,1,80,20.4
2017/1/13,1,90,15.6
2017/1/14,2.2,81,14.1
2017/1/15,2.1,80,14.3
2017/1/16,1.9,77,15.3
2017/1/17,1.6,69,19.3
2017/1/18,0.5,83,19.8
2017/1/19,0.8,87,18.5
2017/1/20,2.1,74,13.6
2017/1/21,1.2,67,14.1
2017/1/22,2.1,55,14.9
2017/1/23,2.7,58,14.7
2017/1/24,2.3,71,14.8
2017/1/25,1.5,73,15.6
2017/1/26,1.6,63,16.5
2017/1/27,1,69,18.4
2017/1/28,0.5,76,20.2
2017/1/29,0.3,77,20.7
2017/1/30,2,77,18
2017/1/31,3,78,16.3
2017/2/1,2.4,73,17.5
2017/2/2,2.6,71,15.8
2017/2/3,2,68,19.9
2017/2/4,0.4,80,19.4
2017/2/5,1.4,78,19
2017/2/6,3.4,61,17.8
2017/2/7,3.3,59,17.9
2017/2/8,1.1,77,17.5
2017/2/9,1.7,68,11
2017/2/10,2,50,11.4
2017/2/11,2.3,49,12.3
2017/2/12,1.7,57,14.3
2017/2/13,2,59,16.3
2017/2/14,2.5,51,16.9
2017/2/15,0.8,53,19.8
2017/2/16,0.4,57,19.2
2017/2/17,0.7,63,20.1
2017/2/18,1.5,74,19.6
2017/2/19,1.2,63,21.2
2017/2/20,0.6,75,20.1
2017/2/21,2.6,76,19.9
2017/2/22,0.5,88,19.3
2017/2/23,1.4,82,15.7
2017/2/24,0.7,89,12.7
2017/2/25,0.3,94,13.9
2017/2/26,1,85,13.1
2017/2/27,1.4,66,15.3
2017/2/28,1.4,80,14.8
2017/3/1,0.3,71,16.4
2017/3/2,2,59,14.6
2017/3/3,1.7,59,16.9
2017/3/4,0.5,76,18.2
2017/3/5,0.4,76,20.4
2017/3/6,1.4,81,15.6
2017/3/7,1.6,69,14.2
2017/3/8,0.5,79,14.3
2017/3/9,1.9,75,16.1
2017/3/10,0.7,92,17.5
2017/3/11,1.6,81,20.1
2017/3/12,0.7,82,21.3
2017/3/13,0.8,92,18
2017/3/14,1.4,76,13.9
2017/3/15,2.3,62,16.2
2017/3/16,0.4,89,16.1
2017/3/17,1.2,86,18.3
2017/3/18,0.6,87,19.3
2017/3/19,0.6,89,19.6
2017/3/20,0.4,85,21.7
2017/3/21,2.1,80,19.1
2017/3/22,1.8,75,20.9
2017/3/23,1.3,82,18.6
2017/3/24,1.6,67,21.2
2017/3/25,0.9,89,16.1
2017/3/26,0.3,79,14.7
2017/3/27,2.1,51,19.1
2017/3/28,0.9,53,22.1
2017/3/29,0.7,67,21.5
2017/3/30,0.7,74,22.4
2017/3/31,0.8,83,18.6
2017/4/1,1,67,15.4
2017/4/2,1.6,43,17.3
2017/4/3,1.8,45,19.9
2017/4/4,0.8,51,22.2
2017/4/5,0.6,58,23.3
2017/4/6,0.4,67,23.7
2017/4/7,0.5,77,24.3
2017/4/8,0.7,76,25.4
2017/4/9,0.6,75,26.8
2017/4/10,1.6,61,28.7
2017/4/11,1.6,81,21.4
2017/4/12,2,80,18.3
2017/4/13,1.9,70,19.6
2017/4/14,0.2,82,21.9
2017/4/15,0.4,81,24.4
2017/4/16,0.4,77,26
2017/4/17,0.9,73,27.3
2017/4/18,1,82,26.7
2017/4/19,0.9,84,26
2017/4/20,0.5,75,26.4
2017/4/21,1.1,79,25
2017/4/22,1.1,82,17.9
2017/4/23,1.9,55,20.2
2017/4/24,0.6,75,22
2017/4/25,0.2,78,24
2017/4/26,0.7,83,24
2017/4/27,1.6,82,18
2017/4/28,1.6,52,19.7
2017/4/29,1.1,47,21.6
2017/4/30,0.6,56,23.7
2017/5/1,0.7,59,25.4
2017/5/2,0.4,68,25.8
2017/5/3,1,74,26.3
2017/5/4,0.8,73,27.2
2017/5/5,0.7,75,27.5
2017/5/6,1.4,78,25.2
2017/5/7,2.6,73,24.3
2017/5/8,0.5,69,27
2017/5/9,0.6,79,25.9
2017/5/10,1.2,68,28.6
2017/5/11,0.7,69,28.7
2017/5/12,0.7,74,27.6
2017/5/13,0.9,85,25.7
2017/5/14,1.1,73,26.8
2017/5/15,0.9,77,26.2
2017/5/16,0.3,93,21.3
2017/5/17,1.7,76,23.7
2017/5/18,2.7,66,26.1
2017/5/19,1.8,72,25.2
2017/5/20,1.7,69,25.7
2017/5/21,2.5,76,25.9
2017/5/22,1.6,73,27.1
2017/5/23,0.7,73,28
2017/5/24,1,78,27.2
2017/5/25,0.7,84,23
2017/5/26,1.6,69,24
2017/5/27,2.6,74,23.1
2017/5/28,3,78,24.1
2017/5/29,2.6,75,26.6
2017/5/30,0.7,76,27.5
2017/5/31,1.2,74,28.7
2017/6/1,1.6,64,30.4
2017/6/2,1.3,87,26.5
2017/6/3,0.5,95,25
2017/6/4,0.6,94,25.8
2017/6/5,0.6,84,27.9
2017/6/6,0.7,78,29.6
2017/6/7,0.9,72,30.4
2017/6/8,1,74,30
2017/6/9,1.1,73,30
2017/6/10,1,73,30.3
2017/6/11,0.9,77,29.7
2017/6/12,0.9,80,28.4
2017/6/13,0.9,79,28.4
2017/6/14,1,90,25.6
2017/6/15,0.7,95,23
2017/6/16,0.5,95,24.5
2017/6/17,0.6,97,24.1
2017/6/18,0.4,92,24.6
2017/6/19,0.4,83,27.1
2017/6/20,0.5,65,29.5
2017/6/21,0.8,69,29.9
2017/6/22,0.9,68,30.6
2017/6/23,1.1,70,30.5
2017/6/24,1.2,66,30.9
2017/6/25,1.3,62,31.2
2017/6/26,1.1,63,31.5
2017/6/27,1.1,72,30.4
2017/6/28,0.7,70,30.6
2017/6/29,0.6,70,30.1
2017/6/30,0.7,74,29.5
2017/7/1,0.7,77,29.1
2017/7/2,1.1,71,29.8
2017/7/3,0.7,69,30.1
2017/7/4,0.9,73,29.5
2017/7/5,0.7,67,30.5
2017/7/6,0.8,69,30.6
2017/7/7,0.8,75,28.8
2017/7/8,0.8,75,28.8
2017/7/9,0.8,73,29.7
2017/7/10,0.7,73,30.4
2017/7/11,0.5,77,29.4
2017/7/12,0.7,75,30.2
2017/7/13,0.7,68,30.9
2017/7/14,0.9,66,31
2017/7/15,1.3,61,31.3
2017/7/16,1.1,61,31.6
2017/7/17,0.9,65,31
2017/7/18,1.1,70,31.3
2017/7/19,1,62,31.5
2017/7/20,1.1,60,31.8
2017/7/21,1.1,60,31.7
2017/7/22,1.8,56,32.1
2017/7/23,1.3,65,31.6
2017/7/24,1.1,72,31.4
2017/7/25,0.7,66,31.5
2017/7/26,1,72,30.4
2017/7/27,1.4,66,30.8
2017/7/28,2.5,71,31.2
2017/7/29,3.4,78,29.3
2017/7/30,2,64,31.5
2017/7/31,0.9,72,29.3
2017/8/1,0.6,65,30.5
2017/8/2,0.5,79,29.3
2017/8/3,0.7,75,29.9
2017/8/4,0.7,72,30.9
2017/8/5,1.4,65,31.9
2017/8/6,1.1,62,32.4
2017/8/7,1.3,62,32.7
2017/8/8,1.3,60,32.6
2017/8/9,1.7,56,32.8
2017/8/10,1.8,57,32.5
2017/8/11,1.2,62,32.2
2017/8/12,1,64,32.3
2017/8/13,1.2,67,31.9
2017/8/14,1.2,64,31.9
2017/8/15,1.2,62,32
2017/8/16,1.1,65,31.5
2017/8/17,0.8,70,30.9
2017/8/18,1.1,66,31.3
2017/8/19,1.1,67,31.1
2017/8/20,1.3,63,31.6
2017/8/21,2.6,71,30.7
2017/8/22,3,62,31.1
2017/8/23,0.9,67,30.7
2017/8/24,1,70,30.6
2017/8/25,1.6,64,31.1
2017/8/26,2.1,57,32
2017/8/27,1.1,69,30.5
2017/8/28,1.6,65,30.8
2017/8/29,2.7,66,31.2
2017/8/30,2.4,66,31
2017/8/31,2.9,71,30
2017/9/1,2.7,81,28.1
2017/9/3,0.7,91,26
2017/9/4,0.4,77,28.8
2017/9/5,1.5,68,30.9
2017/9/6,1.5,65,32
2017/9/7,1,70,31.1
2017/9/8,0.8,75,30.2
2017/9/9,0.5,75,29.7
2017/9/10,0.7,73,29.9
2017/9/11,0.7,66,30.3
2017/9/12,2.2,66,30.4
2017/9/13,1.3,81,27.1
2017/9/14,1.2,73,26.7
2017/9/15,1.4,57,29.6
2017/9/16,1.2,60,29
2017/9/17,1.2,62,27.5
2017/9/18,2,60,26.8
2017/9/19,0.8,62,29.2
2017/9/20,0.7,66,29.9
2017/9/21,0.7,67,30.1
2017/9/22,1.3,72,30.1
2017/9/23,1,63,31.4
2017/9/24,0.8,68,30.5
2017/9/25,0.9,69,30
2017/9/26,0.9,64,31.1
2017/9/27,0.9,61,31.4
2017/9/28,1,69,29.9
2017/9/29,2.7,74,28.6
2017/9/30,2.9,63,29.6
2017/10/1,1.1,61,30.6
2017/10/2,0.8,69,30.2
2017/10/3,1.8,71,29.5
2017/10/4,2,78,26.6
2017/10/5,2.8,73,27.6
2017/10/6,2.5,79,28.1
2017/10/8,3.1,80,27.7
2017/10/9,2.6,68,29.7
2017/10/10,2.5,70,29.5
2017/10/11,2.7,75,28.4
2017/10/12,1.7,87,25.6
2017/10/13,2.8,81,25.5
2017/10/14,2.5,89,26.2
2017/10/15,0.8,92,26.1
2017/10/16,1.3,80,28
2017/10/17,1,84,26
2017/10/18,0.9,86,24.7
2017/10/19,0.5,89,23.6
2017/10/20,0.8,85,22.7
2017/10/21,1.7,68,21.8
2017/10/22,1.3,54,21.3
2017/10/23,0.9,64,21.5
2017/10/24,1.1,70,21.9
2017/10/25,1.7,62,22.9
2017/10/26,1.3,62,22.8
2017/10/27,1,69,22.6
2017/10/28,1.1,73,21.5
2017/10/29,1.5,63,21.9
2017/10/30,2,62,20
2017/10/31,2.2,68,21.1
2017/11/1,1.6,78,23.5
2017/11/2,0.6,79,24.7
2017/11/3,0.9,84,22.3
2017/11/4,2.4,74,19.9
2017/11/5,2.8,77,20.5
2017/11/6,2.2,71,25.4
2017/11/7,1.1,75,26.4
2017/11/8,1.6,79,23.6
2017/11/9,2.7,81,23.3
2017/11/10,1.7,71,26.6
2017/11/11,1.7,80,22.3
2017/11/12,2,83,21.7
2017/11/13,0.5,91,22.6
2017/11/14,1.2,86,22.8
2017/11/15,1.7,77,23.3
2017/11/16,1.6,77,25.2
2017/11/17,0.5,78,25.4
2017/11/18,1.6,80,21
2017/11/19,2.3,84,17.6
2017/11/20,1.4,90,18.8
2017/11/21,1.3,87,21.1
2017/11/22,1.3,89,19.3
2017/11/23,1.6,73,17.1
2017/11/24,2.2,68,18.2
2017/11/25,0.7,93,18.2
2017/11/26,0.5,89,20.1
2017/11/27,2.2,83,21.5
2017/11/28,1.7,70,25.6
2017/11/29,0.9,81,24.5
2017/11/30,1.5,78,22.6
2017/12/1,2.5,80,19.6
2017/12/2,2.3,85,19.6
2017/12/3,1.2,83,20.3
2017/12/4,1.6,66,19.4
2017/12/5,1.7,60,16.9
2017/12/6,1.8,72,16.3
2017/12/7,0.8,91,16.9
2017/12/8,1.5,64,15.1
2017/12/9,0.7,80,15.3
2017/12/10,0.4,80,17.1
2017/12/11,2.5,58,17.8
2017/12/12,2,83,17
2017/12/13,2.9,83,17.6
2017/12/14,2.5,77,18.9
2017/12/15,1.8,70,21
2017/12/16,1.3,79,16.8
2017/12/18,1.8,80,15.5
2017/12/19,1,85,14.5
2017/12/20,2.2,59,16.2
2017/12/21,3.2,51,16.3
2017/12/22,2,56,19.7
2017/12/23,0.9,62,21
2017/12/24,1.2,72,18.8
2017/12/25,3.1,53,16.8
2017/12/26,2.7,62,18.2
2017/12/27,2.5,61,18.6
2017/12/28,1.9,65,20.5
2017/12/29,1.6,84,19.2
2017/12/30,1.6,82,18.3
2017/12/31,1.2,77,15.8
2018/1/1,2.5,69,17
2018/1/2,2.3,67,20
2018/1/3,2.1,64,21.3
2018/1/4,1.1,78,20
2018/1/5,1.5,88,16.6
2018/1/6,2.1,89,17
2018/1/7,0.8,95,17.5
2018/1/8,0.5,96,17.2
2018/1/9,0.8,77,11.4
2018/1/10,1.1,56,11.6
2018/1/11,1.3,54,11.7
2018/1/12,1.5,51,10.8
2018/1/13,1.8,54,12.7
2018/1/14,1.3,64,16.4
2018/1/15,0.9,63,18.6
2018/1/16,0.3,71,18.8
2018/1/17,1.5,75,20.1
2018/1/18,1.8,84,20.5
2018/1/19,1,90,18.5
2018/1/20,1.9,86,18.9
2018/1/21,1.4,85,19.4
2018/1/22,2,79,17.4
2018/1/23,2.3,68,18.6
2018/1/24,2.7,75,17
2018/1/25,2.4,79,17.1
2018/1/26,2,78,16.1
2018/1/27,2.1,75,17.2
2018/1/28,0.8,88,15.6
2018/1/29,1.6,83,12.2
2018/1/30,1.9,86,13
2018/1/31,1.2,91,14.6
2018/2/1,1,85,11.5
2018/2/2,0.9,86,12.3
2018/2/3,0.6,84,9.7
2018/2/4,0.4,87,8.8
2018/2/5,0.4,84,8
2018/2/6,1.5,60,10.5
2018/2/7,1,80,11.6
2018/2/8,1.8,82,12.6
2018/2/9,0.4,93,15.7
2018/2/10,0.4,95,15.6
2018/2/11,1.3,80,12.4
2018/2/12,1.8,51,14
2018/2/13,1.8,54,15.7
2018/2/14,0.4,63,17.6
2018/2/15,0.5,63,20
2018/2/16,0.8,85,18.1
2018/2/17,2.7,75,17.5
2018/2/18,0.4,72,19.8
2018/2/19,0.5,70,20.5
2018/2/20,1.1,86,17.9
2018/2/21,1.2,86,16.2
2018/2/22,1.1,87,14.8
2018/2/23,2,75,16.3
2018/2/24,0.6,83,17.1
2018/2/25,0.7,92,15.1
2018/2/26,1.9,74,16.6
2018/2/27,0.8,75,19.1
2018/2/28,0.3,93,17.7
2018/3/1,1.6,80,20.8
2018/3/2,0.7,79,21.4
2018/3/3,0.3,87,20.9
2018/3/4,0.4,85,23.5
2018/3/5,1.1,86,21.7
2018/3/6,2.3,79,17.3
2018/3/7,1.5,80,18.9
2018/3/8,1.4,83,13.3
2018/3/9,2,53,13.5
2018/3/10,1.9,52,15.9
2018/3/11,1.7,45,19.4
2018/3/12,0.5,58,19
2018/3/13,0.7,69,19.6
2018/3/14,0.6,70,21.6
2018/3/15,0.6,79,21.3
2018/3/16,1,81,20.1
2018/3/17,2.1,79,19.7
2018/3/18,0.6,80,21.6
2018/3/19,0.7,78,23.1
2018/3/20,0.9,87,18.6
2018/3/21,1.1,65,15
2018/3/22,1.4,55,15.2
2018/3/23,1.2,48,18.4
2018/3/24,1.6,53,20.9
2018/3/25,1.7,51,22.3
2018/3/26,0.6,62,22
2018/3/27,0.7,75,21
2018/3/28,1.3,71,22.8
2018/3/29,1.5,57,24.6
2018/3/30,2.5,59,23.3
2018/3/31,2.6,56,23.6
2018/4/1,1.4,49,24.5
2018/4/2,0.7,63,23.9
2018/4/3,0.8,71,23.8
2018/4/4,0.5,70,24.2
2018/4/5,0.7,72,24.6
2018/4/6,0.8,74,19.6
2018/4/7,1.2,58,15.5
2018/4/8,1.5,48,19.2
2018/4/9,0.9,58,21.1
2018/4/10,0.6,60,22.6
2018/4/11,0.4,71,24.5
2018/4/12,0.4,82,24.5
2018/4/13,0.4,82,25.8
2018/4/14,0.5,85,26
2018/4/15,2,78,19.2
2018/4/16,2.9,59,19.1
2018/4/17,1.1,78,17.2
2018/4/18,1.9,67,20.2
2018/4/19,1.3,64,23.7
2018/4/20,1.6,63,24.6
2018/4/21,0.6,68,25.3
2018/4/22,0.4,68,26.4
2018/4/23,0.8,68,27.1
2018/4/24,1.1,82,23.1
2018/4/25,2.3,64,20.8
2018/4/26,1.8,62,22.6
2018/4/27,1.3,72,23.5
2018/4/28,1.7,68,24.2
2018/4/29,0.6,75,25.4
2018/4/30,0.6,77,26.2
2018/5/1,0.7,76,26.8
2018/5/2,0.9,73,27.8
2018/5/3,2.4,72,22
2018/5/4,2.3,59,23.8
2018/5/5,0.8,66,25.9
2018/5/6,0.7,69,27.4
2018/5/7,0.6,72,28.6
2018/5/8,1.5,78,24.8
2018/5/9,2.4,66,22.8
2018/5/10,2.9,60,22.7
2018/5/11,1.1,60,25.6
2018/5/12,0.7,72,26.4
2018/5/13,0.8,70,27.9
2018/5/14,0.8,72,27.9
2018/5/15,0.7,73,28.2
2018/5/16,0.7,75,28.8
2018/5/17,0.9,75,29.6
2018/5/18,0.8,69,29.8
2018/5/19,1.1,75,28.7
2018/5/20,1.1,71,29.1
2018/5/21,1.4,71,28.2
2018/5/22,1,71,28.5
2018/5/23,1.9,71,26.6
2018/5/24,1.1,67,26.9
2018/5/25,1,71,28.7
2018/5/26,0.8,68,29.6
2018/5/27,1.1,71,29.6
2018/5/28,1.6,72,29.6
2018/5/29,1.1,71,29.6
2018/5/30,0.8,70,29.7
2018/5/31,1.4,70,29.6
2018/6/1,2,76,24.8
2018/6/2,2.1,71,24.9
2018/6/3,1,77,26.9
2018/6/4,1.2,75,28.2
2018/6/5,1,71,28.9
2018/6/6,0.9,80,28.2
2018/6/7,2.4,72,29.4
2018/6/8,2.7,73,29.7
2018/6/9,1.6,72,28.6
2018/6/10,1,78,27.8
2018/6/11,0.8,83,25.8
2018/6/12,2.2,51,27.7
2018/6/13,2.3,58,27.8
2018/6/14,1.9,80,26.3
2018/6/15,0.5,89,24.7
2018/6/16,1.3,74,26.3
2018/6/17,1.5,77,27.9
2018/6/18,0.8,79,28.2
2018/6/19,1.6,70,28.6
2018/6/20,0.7,64,29.7
2018/6/21,1.2,69,29.4
2018/6/22,1.2,74,28.7
2018/6/23,1.2,73,28.8
2018/6/24,0.9,70,29.5
2018/6/25,0.8,73,29.7
2018/6/26,1,71,29.5
2018/6/27,0.8,62,30
2018/6/28,1.2,62,30.5
2018/6/29,0.8,69,29.2
2018/6/30,0.6,73,29.1
2018/7/1,1.4,71,29.3
2018/7/2,2.6,59,30.8
2018/7/3,2.1,57,31.1
2018/7/4,2.5,54,31.3
2018/7/5,1.5,58,30.2
2018/7/6,1.1,62,30.3
2018/7/7,0.8,77,28
2018/7/8,1.1,66,29.2
2018/7/9,2,61,29.9
2018/7/10,2,79,27.9
2018/7/11,1.6,83,27.8
2018/7/12,1.2,68,29.5
2018/7/13,2,60,30.3
2018/7/14,2.4,58,30.2
2018/7/15,2.5,58,29.8
2018/7/16,2.8,68,29.6
2018/7/17,3.1,63,30.5
2018/7/18,2.5,61,30.5
2018/7/19,2.4,69,30
2018/7/20,2.1,68,29.5
2018/7/21,0.9,79,27.9
2018/7/22,0.7,77,28.5
2018/7/23,0.4,73,29.3
2018/7/24,0.5,76,29.1
2018/7/25,0.8,74,29.5
2018/7/26,0.8,72,30
2018/7/27,0.6,73,29.5
2018/7/28,0.7,70,29.8
2018/7/29,1.1,67,30.3
2018/7/30,1.4,66,30.9
2018/7/31,1.2,63,31.1
2018/8/1,1.3,68,31.1
2018/8/2,1.4,65,31.2
2018/8/3,0.9,71,29.4
2018/8/4,0.6,76,28.7
2018/8/5,1,69,30.2
2018/8/6,1.5,65,30.4
2018/8/7,1.8,63,30.2
2018/8/8,1.4,64,30.1
2018/8/9,1,66,29.7
2018/8/10,0.9,67,29.9
2018/8/11,0.9,71,29.8
2018/8/12,0.9,77,28.8
2018/8/13,1.1,72,29.8
2018/8/14,0.7,84,27.7
2018/8/15,1,75,28.8
2018/8/16,1.2,68,29.7
2018/8/17,0.5,69,29.9
2018/8/18,0.7,75,29
2018/8/19,0.9,78,28.4
2018/8/20,0.8,74,28.8
2018/8/21,0.7,74,29.3
2018/8/22,1.5,68,30.1
2018/8/23,2.2,71,29.8
2018/8/24,0.7,81,27.7
2018/8/25,0.9,78,28.6
2018/8/26,0.6,79,28.2
2018/8/27,0.5,81,27.3
2018/8/28,0.6,83,26.9
2018/8/29,0.3,82,27
2018/8/30,0.5,83,26.2
2018/8/31,0.8,77,27.1
2018/9/1,0.6,75,27.7
2018/9/2,0.8,72,28.5
2018/9/3,1,65,29.2
2018/9/4,1.1,66,30
2018/9/5,1,70,29.5
2018/9/6,0.7,73,29.5
2018/9/7,0.7,79,28.4
2018/9/8,0.8,83,26.7
2018/9/9,0.7,87,24.4
2018/9/10,1.8,84,24.8
2018/9/11,1.4,67,29.1
2018/9/12,0.9,73,28.7
2018/9/13,1.7,63,29.5
2018/9/14,2.9,70,29
2018/9/15,3.5,75,28.7
2018/9/16,2,67,29.8
2018/9/17,0.9,64,30.5
2018/9/18,1.7,63,30.3
2018/9/19,2.3,59,30
2018/9/20,0.7,67,29.1
2018/9/21,0.8,72,29
2018/9/22,1,70,28.9
2018/9/23,1,75,28.4
2018/9/24,1.5,76,26.5
2018/9/25,2,66,27
2018/9/26,0.8,83,24.3
2018/9/27,1.5,81,25
2018/9/28,1.5,84,24.5
2018/9/29,0.5,71,23.7
2018/9/30,1.2,63,23.8
2018/10/1,2.1,54,25.5
2018/10/2,2.1,54,24.5
2018/10/3,1.5,60,24.1
2018/10/4,1.3,77,22.2
2018/10/5,1.3,63,24.5
2018/10/6,1.9,65,25.2
2018/10/7,1.4,75,23.7
2018/10/8,0.8,84,23.9
2018/10/9,1.1,84,24.4
2018/10/10,1.1,82,23.4
2018/10/11,0.6,86,20.9
2018/10/12,1.4,88,19.6
2018/10/13,1.7,83,21.1
2018/10/14,1.7,81,23.5
2018/10/15,1.3,80,24.5
2018/10/16,0.7,84,23.6
2018/10/17,0.5,92,20.7
2018/10/18,1.8,70,22.9
2018/10/19,1.8,76,21.3
2018/10/20,1.4,67,22
2018/10/21,1.5,67,23.6
2018/10/22,0.4,74,24.2
2018/10/23,0.8,83,23.2
2018/10/24,1.8,75,23.7
2018/10/25,1.5,73,25
2018/10/26,0.8,77,24.6
2018/10/27,2.1,52,22.3
2018/10/28,1.2,51,20.5
2018/10/29,1.8,47,21.1
2018/10/30,3,60,22.5
2018/10/31,2.3,80,20.2
2018/11/1,2.3,84,19.4
2018/11/2,2.3,90,21.2
2018/11/3,0.4,91,23.2
2018/11/4,0.8,83,24
2018/11/5,1.1,89,23.6
2018/11/6,2.2,77,25.1
2018/11/7,0.6,78,25.5
2018/11/8,0.5,80,24.6
2018/11/9,1.7,80,23
2018/11/10,2.1,77,24
2018/11/12,0.7,77,24
2018/11/13,1.9,75,21.8
2018/11/14,2.3,70,21.5
2018/11/15,1.7,68,23.4
2018/11/16,1,74,24.2
2018/11/17,1.2,86,21.6
2018/11/18,0.7,83,23.5
2018/11/19,1,86,20.5
2018/11/20,2.2,69,22.2
2018/11/21,0.6,75,23.2
2018/11/22,1.1,83,18.5
2018/11/23,2,83,18.2
2018/11/24,1.8,75,21.5
2018/11/25,1.3,59,23.3
2018/11/26,0.5,82,20.8
2018/11/27,1.2,76,20.7
2018/11/28,0.6,79,19.5
2018/11/29,2.2,64,20.4
2018/11/30,1.9,56,22.5
2018/12/1,0.8,65,22.7
2018/12/2,0.5,64,23.9
2018/12/3,0.4,66,23
2018/12/4,0.5,69,23.9
2018/12/5,2,78,22.1
2018/12/6,0.7,79,23.2
2018/12/7,1.6,80,19
2018/12/8,2.2,79,18.4
2018/12/9,2,85,18.1
2018/12/10,0.6,91,20.4
2018/12/11,0.6,86,19.6
2018/12/12,1.7,75,16.2
2018/12/13,2,83,17
2018/12/14,2.4,85,17.6
2018/12/15,2.4,80,19.2
2018/12/16,0.7,82,19.5
2018/12/17,1.2,63,15.8
2018/12/18,2,54,17.1
2018/12/19,0.8,56,19.8
2018/12/20,0.5,67,20.1
2018/12/21,1.3,72,21.8
2018/12/22,0.2,80,22
2018/12/23,0.9,88,20.3
2018/12/24,2.2,88,17.3
2018/12/25,1.7,88,20.9
2018/12/26,0.6,90,20
2018/12/27,1.1,84,17.1
2018/12/28,2.3,74,15.3
2018/12/29,2.8,70,14
2018/12/30,2.5,82,15.3
2018/12/31,1.3,87,16.3
2019/1/1,2.6,86,16.4
2019/1/2,2.4,89,16.9
2019/1/3,1.9,92,18.2
2019/1/4,1.3,85,21.3
2019/1/5,0.7,91,19.3
2019/1/6,1.3,90,17.7
2019/1/7,1.6,82,20.4
2019/1/8,1.4,84,19.8
2019/1/9,2.8,82,18.6
2019/1/10,0.6,82,22.1
2019/1/11,0.7,91,20.8
2019/1/12,0.9,88,19
2019/1/13,1.5,81,18.7
2019/1/14,2.5,73,19.4
2019/1/15,0.8,82,20.2
2019/1/16,1.5,87,16.7
2019/1/17,1.2,83,15.2
2019/1/18,2.6,54,17.8
2019/1/19,0.6,70,19
2019/1/20,0.8,79,18.2
2019/1/21,0.9,83,15.2
2019/1/22,0.8,70,14.2
2019/1/23,1.9,58,15.9
2019/1/24,1.7,62,17.4
2019/1/26,2.2,57,15
2019/1/27,2,59,15.2
2019/1/28,1.1,65,17.6
2019/1/29,1.8,66,19.5
2019/1/30,0.4,67,20.1
2019/1/31,1.3,68,19.4
2019/2/1,2.2,71,15.1
2019/2/2,0.7,72,19.1
2019/2/3,0.5,76,20.7
2019/2/4,1.3,83,18.2
2019/2/5,0.7,89,17.4
2019/2/6,0.7,79,20.5
2019/2/7,0.9,75,21.4
2019/2/8,1,81,16.8
2019/2/9,0.8,87,16.2
2019/2/10,1.1,83,17.1
2019/2/11,1.8,82,16.8
2019/2/12,2,83,20.3
2019/2/13,1.6,88,18.3
2019/2/14,0.7,89,18.6
2019/2/15,0.6,86,20.3
2019/2/16,1.2,85,17.8
2019/2/17,2,82,17
2019/2/18,0.6,91,19.4
2019/2/19,0.7,84,20.4
2019/2/20,0.5,88,21.7
2019/2/21,0.9,86,21.1
2019/2/22,1.1,90,17.2
2019/2/23,2.4,79,14.5
2019/2/24,1,97,15.2
2019/2/25,0.8,89,17
2019/2/26,1.8,80,17.8
2019/2/27,0.2,81,20.3
2019/2/28,1.2,87,18.4
2019/3/1,1.5,84,19.2
2019/3/2,0.5,85,20.9
2019/3/3,0.5,93,18.3
2019/3/4,2.1,73,17.9
2019/3/5,1.9,75,19.1
2019/3/6,0.9,89,17.5
2019/3/7,1.7,88,13.6
2019/3/8,1.8,91,15.4
2019/3/9,0.2,99,17.5
2019/3/10,0.6,90,16.8
2019/3/11,1.4,70,16.7
2019/3/12,0.9,54,20.1
2019/3/13,1.8,59,20.5
2019/3/14,1.2,68,20.1
2019/3/15,1.6,67,17.1
2019/3/16,2.3,48,19
2019/3/17,0.8,80,19.7
2019/3/18,0.8,88,20.4
2019/3/19,1.3,80,20.8
2019/3/20,0.5,75,24.2
2019/3/21,0.8,77,25.4
2019/3/22,1.8,82,20.5
2019/3/23,2.1,77,16.2
2019/3/24,1.5,85,16.9
2019/3/25,0.3,96,18
2019/3/26,2.2,76,19.7
2019/3/28,0.6,75,24.9
2019/3/29,0.9,85,22.8
2019/3/30,1.3,79,20.6
2019/3/31,3,73,18.8
2019/4/1,2.4,83,16.4
2019/4/2,1.3,81,19.7
2019/4/3,0.4,91,20.1
2019/4/4,1.2,84,23
2019/4/5,1.2,84,21
2019/4/6,0.3,74,22.8
2019/4/7,0.6,78,24.4
2019/4/8,0.6,75,25.5
2019/4/9,0.8,78,26.4
2019/4/10,1.8,79,24.6
2019/4/11,1.2,86,20.9
2019/4/12,2,77,19.1
2019/4/13,0.6,85,21.3
2019/4/14,0.7,86,22
2019/4/15,2.5,72,19.9
2019/4/16,0.4,95,19.3
2019/4/17,1,69,22
2019/4/18,0.4,70,24.1
2019/4/19,0.4,88,23.9
2019/4/20,0.6,90,24.1
2019/4/21,0.5,90,24.8
2019/4/22,0.7,84,26.6
2019/4/23,0.7,77,28
2019/4/24,0.8,79,28
2019/4/25,0.9,71,28.1
2019/4/26,2.1,76,26.2
2019/4/27,2.3,83,23.6
2019/4/28,0.7,83,25
2019/4/29,0.7,76,26.4
2019/4/30,1,76,27
2019/5/1,1.4,91,20.9
2019/5/2,2,82,19.8
2019/5/3,2.4,65,21.7
2019/5/4,1.9,64,22.9
2019/5/5,2.1,60,24.8
2019/5/6,1.9,82,21
2019/5/7,2,85,19.1
2019/5/8,1,90,21
2019/5/9,0.5,98,20.8
2019/5/10,1.9,84,22
2019/5/11,1.9,84,23.6
2019/5/13,0.7,74,27.5
2019/5/14,0.9,83,26.3
2019/5/15,0.6,83,26.7
2019/5/16,1.3,78,28.3
2019/5/17,0.5,92,26.3
2019/5/18,1.2,86,27.8
2019/5/19,0.6,72,29.5
2019/5/20,0.8,89,24.2
2019/5/21,2.3,55,23.1
2019/5/22,0.8,59,23.6
2019/5/23,1.3,81,23.6
2019/5/24,2,67,26.8
2019/5/25,1.2,56,27.7
2019/5/26,0.9,64,27.6
2019/5/27,0.5,75,27.6
2019/5/28,0.5,95,23.9
2019/5/29,1.8,67,22.6
2019/5/30,0.9,73,25.9
2019/5/31,1.1,77,27.5
